0,1,2,3,5
TIME,CREW,ACTIVITY,,
06:00-06:10,FE-2,"Morning Inspection. RSS1, RSS2 Reboot",,
06:00-06:10,FE-4,Morning Inspection,,
06:00-06:10,FE-1,Morning Inspection. Reboot Laptop RS2(1),,
06:00-06:05,"CDR, FE-6",Reaction Self-test,,
06:00-06:05,FE-3,PROK - Urine Spot Test,,
06:05-06:25,FE-3,HRF Urine Sample Collection,,
06:05-06:15,CDR,Morning Inspection,,
06:05-06:15,FE-6,Morning Inspection,,
,"FE-1, FE-2,",,,
06:10-06:40,,Post-Sleep,,
,FE-4,,,
06:15-06:45,CDR,Post-Sleep,,
06:15-06:45,FE-6,Post-Sleep,,
06:25-06:35,FE-3,HRF - Urine Sample Insertion Into MELFI,,
06:35-06:45,FE-3,BCAT - Camera Battery Changeout,,
,,BREAKFAST,,
06:40-07:30,FE-4,,,
,,SM ПСС (Caution & Warning Panel) Test (after breakfast),,
06:40-07:30,"FE-1, FE-2",BREAKFAST,,
06:45-06:55,FE-3,Morning Inspection,,
06:45-07:35,CDR,BREAKFAST,,
06:45-07:25,FE-6,BREAKFAST,,
06:55-07:25,FE-3,Post-Sleep,,
07:25-08:15,FE-3,BREAKFAST,,
07:25-07:35,FE-6,USOS window shutter closure,,
07:35-07:55,FE-6,BREAKFAST,,
08:50-09:50,FE-1,Physical Exercise (TVIS-4),,
09:00-09:10,FE-2,PLAZMIDA. Recomb-K Setup in Thermostat at +4 deg С,,
09:15-10:45,FE-3,Physical Exercise (ARED),,
10:00-10:15,FE-4,"Private Family Conference (S + Ku-band in S/G2, S/G1 - backup)",,
10:30-11:30,CDR,Physical Exercise (T2),,
11:00-12:00,FE-2,Physical Exercise (VELO-3),,
,,BIOEMULSIYA. Setup in Thermostat at +4 deg C. Tagup with,,
11:15-11:25,FE-1,,,
,,specialists (S-band),,
11:25-11:40,FE-1,BIOEMULSIYA. Photography,,
11:30-13:00,CDR,Physical Exercise (ARED),,
11:40-11:55,FE-1,"Private Family Conference (S + Ku-band in S/G2, S/G1-- backup)",,
12:00-13:00,FE-4,Physical Exercise (TVIS-1),,
12:25-12:35,FE-3,HRF Blood Collection Hardware Setup,,
12:35-12:55,FE-3,HRF Urine Sample Collection,,
TIME,CREW,,,
06:00-06:10,CDR,Morning Inspection,,
06:00-06:10,FE-1,Morning Inspection.  Reboot Laptop RS2(1),,
06:00-06:10,FE-2,Morning Inspection SM ПСС (Caution & Warning Panel) Test,,
06:00-06:10,FE-4,"Morning Inspection Reload Laptop RSS1, RSS2",,
06:00-06:10,FE-3,PROK - Urine Spot Test,,
06:00-06:05,FE-6,Crew REMINDER about the Constraints,,
06:05-06:15,FE-6,Morning Inspection,,
06:10-06:20,FE-3,Morning Inspection,,
06:10-06:40,"CDR, FE-1, FE-2, FE-4",Post-sleep,,
06:15-06:40,FE-6,Post-sleep,,
06:20-06:40,FE-3,Post-sleep,,
06:40-07:30,,BREAKFAST,,
07:30-07:55,,Daily Planning Conference (S-band),,
07:55-08:05,"CDR, FE-1, FE-3, FE-4",Work Prep,,
07:55-08:05,FE-2,CASKAD. Manual Mixing in Bioreactor,,
07:55-08:00,FE-6,ENERGY Diet Log of Breakfast,,
08:00-10:00,FE-6,UPA Troubleshooting,,
,"CDR, FE-1,",,,
08:05-08:20,"FE-2, FE-3,",ISS Crew and ГОГУ (RSA Flight Control Team Management) Weekly,,
,FE-4,Conference (S-band),,
08:20-09:50,CDR,Physical Exercise (ARED),,
08:20-08:35,"FE-1, FE-2, FE-4",IMS Tagup (S-band),,
08:30-09:30,FE-3,BASS Prep Work,,
08:35-11:35,FE-1,DC1 and ПхО preparation for EVA,,
08:35-10:35,FE-4,DC1 and ПхО preparation for EVA,,
,,АСУ МНР-НС Pump-Separator R&R. Install No. 1010018 (00053769R,,
08:45-10:15,FE-2,ФГБ1ПГО_1_109. Pre-pack the dismantled item for disposal in ТКГ,,
,,418),,
09:30-10:00,FE-3,Crew time for ISS adaptation and orientation,,
10:00-10:40,CDR,WRM Condensate Pumping Start,,
10:00-10:30,FE-6,MSPR - Combustion Chamber (CC) Setup,,
10:00-10:10,FE-3,BASS Status Check,,
10:10-10:40,FE-3,Crew time for ISS adaptation and orientation,,
10:15-11:15,FE-2,"Physical Exercise (TVIS), Day 4",,
10:30-11:00,FE-6,Prep for Combustion Chamber Leak Check,,
10:35-10:50,FE-4,On MCC Go Laptop RS2 SW Update,,
10:40-11:10,CDR,MELF1 - Insert Ice Bricks,,
10:40-10:50,FE-3,BASS Status Check,,
10:55-11:10,FE-4,On MCC Go Laptop RS1 SW Update,,
11:10-11:20,CDR,MELF3 - Insert Ice Bricks,,
11:00-12:30,FE-6,Physical Exercise (ARED),,
11:10-12:10,FE-3,BASS Test Ops,,
11:15-12:35,FE-2,MATRYOSHKA-R. Tritel Hardware Setup and Activation. Tagup with specialists,,
11:15-11:50,FE-4,On MCC Go Laptop RS3 SW Update,,
11:20-11:30,CDR,JEM  Terminate Pressurization,,
11:30-11:40,CDR,Terminate BSA Battery Charge,,
11:40-13:10,CDR,Gathering US Tools to Support EVA-32,,
11:45-13:15,FE-1,"Physical Exercise (TVIS), Day 1",,
11:50-13:15,FE-4,"Physical Exercise (VELO), Day 2",,
12:10-13:10,FE-3,Physical Exercise (CEVIS),,
12:30-12:50,FE-6,Combustion Chamber Leak Checkout Start,,
12:35-12:45,FE-2,MATRYOSHKA-R. Photography of Payload Setup Location,,
12:45-13:05,FE-2,MATRYOSHKA-R. Tritel Hardware Monitoring. Tagup with specialists,,
13:05-14:05,FE-2,LUNCH,,
13:10-13:30,FE-6,ENERGY - Urine Sample Collection,,
13:10-14:10,"CDR,FE-3",LUNCH,,
13:15-14:15,"FE-1, FE-4",LUNCH,,
13:30-13:35,FE-6,ENERGY - Water Sample Collection,,
13:35-14:35,FE-6,LUNCH,,
14:10-14:30,CDR,ENERGY - Conference,,
14:10-14:20,FE-3,PROK - Diet Log (Day 2-4),,
14:15-16:15,"FE-1, FE-4",EVA Equipment and Tools Gather. Tagup with specialists,,
14:20-16:20,FE-3,BASS Closeout Ops,,
14:30-14:35,CDR,SHD - Weekly Questionnaire,,
14:40-15:00,CDR,WRM Condensate Pumping Terminate,,
14:45-15:25,FE-2,СОЖ Maintenance,,
14:45-15:20,FE-6,Sensewear Activity Monitor Data Saving,,
15:00-15:30,CDR,ENERGY - Hardware Pre-gather,,
15:20-16:20,FE-6,Physical Exercise T2,,
15:25-16:55,FE-2,Physical Exercise (ARED),,
15:30-15:40,CDR,PanOptic Eye Exam Setup,,
15:40-15:45,CDR,Panoptic - Video Setup,,
15:45-15:50,CDR,PanOptic Eye Exam Setup,,
15:50-16:05,CDR,DOS Memory Card Replacement,,
16:15-17:15,FE-1,"Physical Exercise (VELO), Day  1",,
16:15-17:45,FE-4,Urine Transfer from two EDV-U to Soft Tank (container III-1) / r/g 1972,,
16:20-16:50,CDR,HMS - PanOptic Exam (Subject),,
16:20-16:35,FE-3,ТПК IMAK Unpack,,
16:20-16:50,FE-6,PanOptic Eye Examination (СМО),,
16:50-17:50,CDR,Physical Exercise T2,,
16:55-17:55,FE-2,Crew time for ISS adaptation and orientation,,
16:55-17:05,FE-3,MSG - Glovebox Power Down,,
16:55-17:00,FE-6,P/L Playback Start,,
17:05-18:35,FE-3,Physical Exercise (ARED),,
17:05-17:10,FE-6,PanOptic Eye Exam Setup,,
17:10-17:30,FE-6,Combustion Chamber Leak Checkout End,,
17:20-17:50,FE-1,Crew time for ISS adaptation and orientation,,
17:30-17:40,FE-6,MSPR - Plate Attachment,,
17:40-18:00,FE-6,MSPR - Combustion Chamber Stow,,
17:45-18:45,FE-4,"Physical Exercise (TVIS), Day 2",,
17:50-18:05,"CDR, FE-1",Handover of US Tools to RS for EVA-32,,
17:55-18:25,FE-2,VZAIMODEISTVIYE. Experiment Ops,,
18:00-18:05,FE-6,P/L Closeout Ops,,
18:05-18:35,CDR,PanOptic Eye Examination (СМО),,
18:05-18:35,FE-1,Crew time for ISS adaptation and orientation,,
18:05-18:35,FE-6,HMS - PanOptic Exam (Subject),,
18:25-18:45,FE-2,Evening Work Prep,,
18:35-18:55,FE-1,IMS Update,,
18:35-18:40,FE-6,SHD - Weekly Questionnaire,,
18:35-18:55,CDR,PanOptic Data Downlink/Stowage,,
18:45-18:50,FE-6,PanOptic Video Equipment Stow,,
18:45-18:55,FE-2,CASKAD. Manual Mixing in Bioreactor,,
18:50-18:55,FE-6,Sensewear Activity Monitor -Stowage,,
18:55-19:20,,Daily Planning Conference (S-band),,
19:20-19:40,,Flight Director/ISS Crew Tagup,,
,"FE-1, FE-2,",,,
19:40-21:30,"FE-3, FE-4,",Pre-sleep,,
,FE-6,,,
19:40-19:45,CDR,P/TV Playback Start,,
19:45-21:25,CDR,Pre-sleep,,
21:25-21:30,CDR,P/TV Playback Stop,,
21:30-06:00,,SLEEP,,
Task List,"FE-1, FE-2, FE-4",Preparation of reports for Roskosmos site,,
"FE-1, FE-4",ECON-M. Observations and Photography,,,
FE-4,URAGAN. Observations and Photography,,,
TIME,CREW,ACTIVITY,,
,FE-1,Morning Inspection. SM ПСС (Caution & Warning Panel) Test,,
10:00-10:10,FE-2,Morning Inspection. Reboot Laptop RS2(1),,
,FE-4,"Morning Inspection. RSS1, RSS2 Reboot",,
10:00-10:10,FE-3,BCAT.  Camera Battery Changeout,,
10:00-10:05,FE-6,Reaction Self Test,,
10:00-10:05,CDR,Reading REMINDER,,
10:05-10:15,FE-6,Morning Inspection,,
10:05-10:10,CDR,ПН PRO K:Urine PH Spot Test,,
10:10-10:20,FE-3,Morning Inspection,,
10:10-10:40,"FE-1, FE-2, FE-4",Post-sleep,,
10:10-10:30,CDR,HRF Urine Sample Collection,,
10:15-10:45,FE-6,Post-sleep,,
10:20-10:40,FE-3,Post-sleep,,
10:30-10:35,CDR,HRF MELFI Urine Sample Insertion,,
10:35-11:05,CDR,HRF - Generic Sample Blood Draw,,
10:40-11:30,"FE-1, FE-2, FE-3, FE-4",BREAKFAST,,
10:45-11:00,FE-6,HRF Blood Draw,,
11:00-11:30,FE-6,BREAKFAST,,
11:05-11:10,CDR,Reaction Self Test,,
11:10-11:15,CDR,Morning Inspection,,
11:15-11:25,CDR,HRF Centrifuge Configuration,,
11:25-11:55,CDR,Post-sleep,,
11:30-11:45,"FE-1, FE-2, FE-4",Daily Planning Conference (S-band),,
11:30-13:00,FE-6,Physical Exercise (ARED),,
11:45-11:55,"FE-1, FE-4",Work Prep,,
11:45-11:55,FE-2,CASKAD. Manual Mixing in Bioreactor,,
11:55-12:00,CDR,HRF Closeout Ops,,
12:00-12:10,CDR,HRF - Sample Blood MELFI Insertion,,
12:00-12:30,FE-1,"Removal of US Equipment, Tools, TV cameras from Orlan Suits",,
12:00-12:10,FE-2,LCS. Activate RSE-LCS laptop to start data recording,,
12:10-12:25,CDR,HRF Blood Sample and Hardware Stow,,
12:25-13:00,CDR,BREAKFAST,,
12:30-13:30,"FE-1, FE-4",Drying Orlan-MK Water Feed Line,,
12:30-12:50,FE-2,BIORISK-MSN. Closing vents and packing Biorisk-MSN container into cover after the EVA,,
12:50-14:05,FE-2,ТКГ 418 and DC1 Interface Leak Check (СО1-ТКГ),,
13:00-14:30,CDR,Physical Exercise (ARED),,
13:00-14:00,FE-6,Physical Exercise T2,,
13:30-13:40,"FE-1, FE-4",Orlan-MK Drying,,
13:40-13:55,FE-4,Post-EVA Medical Kits Restow,,
13:40-14:40,FE-1,"Physical Exercise (TVIS), Day 4",,
14:05-14:15,"FE-2, FE-4",СО-СУ Transfer Hatch Opening,,
14:15-14:25,"FE-2, FE-4",ТКГ-СУ Hatch Opening,,
14:25-14:40,FE-3,Private Family Conference,,
14:25-15:25,"FE-2, FE-4",LUNCH,,
14:30-15:30,"CDR, FE-6",LUNCH,,
14:40-15:40,FE-3,LUNCH,,
14:40-15:40,FE-1,LUNCH,,
15:25-15:40,FE-4,Post-EVA Private Medical Conference (S + Ku-band),,
15:25-16:10,FE-2,"ТКГ 418 (DC1) deactivation, air duct installation",,
15:40-15:50,FE-3,BCAT3. Camera Checkout,,
15:40-15:45,CDR,CGBA Status Check and Maintenance,,
15:40-15:55,FE-1,Post-EVA Pille Dosimeter Reading,,
15:40-15:45,FE-4,Orlan-MK Drying,,
15:45-15:55,CDR,PROK. Diet Logfile and PH Logsheet Photos,,
15:45-16:15,FE-4,EVA Photo Downlink,,
15:55-16:15,CDR,HRF Urine Sample Collection,,
16:10-16:25,FE-1,Post-EVA Private Medical Conference (S + Ku-band),,
16:10-16:50,FE-2,СОЖ Maintenance,,
16:15-16:20,CDR,HRF.  Urine Sample MELFI Insertion,,
16:20-16:40,CDR,HRF. Stow Sample Urine Collection,,
16:25-16:40,FE-6,Private Family Conference,,
16:25-17:25,FE-1,Orlan feedwater bladder refill,,
16:40-17:40,CDR,Physical Exercise (CEVIS),,
16:45-17:45,FE-3,Physical Exercise T2,,
16:45-17:45,FE-4,"Physical Exercise (TVIS), Day 1",,
17:40-17:45,"CDR, FE-1",Handover of USOS cameras for RS EVA,,
17:45-18:00,"CDR, FE-3",Post-EVA Photo Downlink and Camera Reconfig,,
17:45-17:55,"FE-1, FE-4",Orlan-MK Drying,,
17:55-18:55,"FE-1, FE-4",Setting up Orlan and БСС for storage mode,,
17:55-18:55,FE-2,"Physical Exercise (VELO), Day 3",,
18:00-19:30,FE-3,Physical Exercise (ARED),,
18:35-18:55,CDR,ISS - HAM Radio Session,,
18:55-19:10,"FE-1, FE-2, FE-4",Daily planning conference (S-band),,
19:10-19:20,FE-2,Evening Work Prep,,
16:50-16:55,CDR,HRF. Urine Sample MELFI Insertion,,
16:55-17:10,FE-6,EXPRS2 - Laptop SW load,,
17:00-18:30,CDR,Physical Exercise (ARED),,
17:10-17:30,FE-6,NANORACK - Copy Data to Laptop,,
17:45-18:45,FE-6,EPO - Experiment Procedure Review,,
18:45-19:35,FE-6,EPO Operations Demo,,
19:00-19:25,CDR,EPO - Experiment Ops,,
19:35-19:40,FE-6,P/L Video Playback,,
19:40-20:10,FE-6,BP. Hardware Stowage,,
20:15-21:15,"FE-1, FE-4",Post-EVA Repress Ops,,
20:45-20:50,CDR,SHD. Weekly Questionnaire,,
21:05-21:15,FE-2,ON MCC GO MRM2- СУ(SM) Hatch Open,,
21:15-21:20,FE-4,Biochemical Urine Test after EVA,,
21:15-21:20,FE-1,Biochemical Urine Test after EVA /,,
21:15-21:40,FE-2,"Post-EVA air ducts installation in DC1, MRM2, and SM",,
21:20-21:35,FE-4,"Switching comm system to initial configuration, reconfiguring C&W indication from ПОВ [EVA Support Panel] in DC1 and ПхО",,
21:20-21:40,FE-1,RS ISS Reconfig for nominal ops (СРВ-К2М and food warmer activation),,
21:30-22:00,FE-3,Evening Work Prep,,
21:35-22:00,FE-4,Pre-sleep,,
21:35-22:00,CDR,Evening Work Prep,,
21:40-22:00,"FE-1, FE-2",Pre-sleep,,
21:40-21:45,FE-6,P/L Closeout Ops,,
21:50-21:55,FE-6,JSL-OCA ROUTER – Power Down,,
21:55-22:00,FE-6,SHD - Weekly Questionnaire,,
22:00-22:25,,Daily Planning Conference (S-band),,
22:25-22:35,FE-2,CASKAD. Manual Mixing in Bioreactor,,
22:25-22:35,"FE-1, FE-4",Post-Eva Orlan Suit Maintenance,,
22:25-23:30,CDR,Pre-sleep,,
22:25-23:00,FE-6,Evening Work Prep,,
22:25-22:55,FE-3,SSC - Battery Installation,,
22:35-23:15,FE-2,Post-EVA MRM2 Reconfiguration for nominal Ops and ТК 708 Deactivation,,
22:35-23:55,"FE-1, FE-4","RS ISS, DC1 reconfiguration to initial config after EVA",,
23:00-01:00,FE-3,Pre-sleep,,
23:00-00:35,FE-6,Pre-sleep,,
23:15-23:45,FE-2,"РО-ПрК Hatch Opening, Installation of protective ring on РО-ПрК Hatch and air duct.",,
23:30-23:35,CDR,P/TV Playback Start,,
23:35-00:15,CDR,Pre-sleep,,
23:45-00:15,FE-2,Stow ATV video meter target post-EVA,,
09:05-09:35,FE-6,MSPR - Combustion Chamber (CC) Setup,,
09:25-10:45,FE-2,CONSTANTA. Prep and Execution of Session 2. Tagup with specialists (S-band),,
09:35-10:40,FE-6,MSPR - Combustion Chamber QD Replacement,,
09:40-10:10,FE-1,Removal of TV cameras КЛ-152М (2 ea) and Light Units in ТК 708 СА. Stow the removed TV cameras.  Report stowage location to MCC .,,
09:40-11:10,CDR,Physical Exercise (ARED),,
09:50-10:20,FE-3,BASS - Review,,
10:15-13:15,"FE-1, FE-4",EVA hardware and tool search. Tagup with specialists (S-band),,
10:20-10:25,FE-3,CEVIS installation,,
10:25-11:25,FE-3,Physical Exercise (CEVIS),,
10:40-10:50,FE-6,MSPR – Plate Attachment,,
10:45-10:55,FE-2,04/01/13 and 04/02/13 Laptop RS2 LOG-file dump via OCA,,
10:50-11:10,FE-6,MSPR - Combustion Chamber Stow,,
10:55-11:35,FE-2,IDENTIFIKATSIYA. Copy ИМУ-Ц Micro-Accelerometer Data to Laptop,,
11:10-11:15,FE-6,G1 Closeout Ops,,
11:10-11:20,CDR,Ultrasound - Scanning Prep,,
,CDR - СМО,,,
11:20-12:00,,Ultrasound 2 Scan Ops,,
,FE-6-subject,,,
11:25-12:55,FE-3,Physical Exercise (ARED),,
11:45-12:45,FE-2,"Physical Exercise (VELO), Day 3",,
12:00-12:10,FE-6,Ultrasound Data Transfer,,
,CDR-subject,,,
12:10-12:50,,Ultrasound 2 Scan Ops,,
,FE-6 - СМО,,,
12:45-13:15,FE-2,Crew time for ISS adaptation and orientation,,
12:50-13:50,FE-6,LUNCH,,
12:55-13:55,"CDR, FE-3",LUNCH,,
13:15-13:20,FE-1,On MCC Go ISS N2 Repress from the 2nd section of ТКГ 417 СрПК (start),,
13:15-14:15,"FE-2, FE-4",LUNCH,,
13:20-14:20,FE-1,LUNCH,,
13:50-14:10,FE-6,Ultrasound 2 Scan Ops - Subject,,
13:55-14:05,CDR,CWC Audit,,
13:55-14:10,FE-3,PROK - Diet Log (Day 1),,
14:10-14:15,FE-6,ENERGY Diet Log of Lunch,,
14:10-14:20,CDR,Ultrasound Data Transfer,,
14:10-14:20,FE-3,Glove Box (MSG) Activation,,
,FE-2,,,
14:15-14:25,,BRI Log Dump – Handover,,
,FE-4,,,
14:20-14:25,CDR,Ultrasound Post Ops Exam,,
14:20-14:25,FE-1,On MCC Go ISS N2 Repress from ТКГ417 СрПК Section 2 (terminate),,
14:20-14:30,FE-6,NANORACK - Module-9 OBT,,
14:20-14:50,FE-3,Food Frequency Questionnaire,,
,FE-2,,,
14:25-15:05,,Filling (Separation) of EDV [KOB] for Elektron – Handover,,
,FE-4,,,
14:25-15:25,FE-1,ТК 708 Transfers and IMS Ops,,
14:30-14:45,FE-6,IMS and Stowage Conference,,
14:35-14:50,CDR,ARED Flywheel Cylinder Evacuation,,
14:45-15:00,FE-6,JRNL - Journal Entry,,
14:50-15:20,FE-3,BCAT3- Hardware Setup and Checkout,,
14:50-15:35,CDR,BCAT3- Hardware Setup and Checkout,,
15:00-16:00,FE-6,Physical Exercise T2,,
,FE-2,,,
15:05-15:45,,СОЖ Maintenance – Handover,,
,FE-4,,,
15:25-15:40,FE-3,BASS Payload Crew Conference,,
15:25-16:25,FE-1,Crew time for ISS adaptation and orientation,,
15:35-15:45,CDR,HMS Defibrillator Inspection,,
15:40-18:50,FE-3,BASS Equipment Setup,,
15:45-16:05,CDR,DECLIC Removable Hard Disk Drive (RHDD) Exchange,,
15:45-17:15,FE-2,"Physical Exercise (TVIS), Day  3",,
15:45-16:45,FE-4,"Physical Exercise (VELO), Day  1",,
16:00-17:30,FE-6,Physical Exercise (ARED),,
16:10-16:30,CDR,Start BSA Battery Charge,,
16:25-16:55,FE-1,VZAIMODEISTVIYE Experiment Ops,,
16:30-16:40,CDR,PAO Hardware Setup,,
16:40-16:50,CDR,Crew Prep for PAO,,
16:45-17:45,FE-4,Replacement of light units in light fixtures СД1-7 (А85) and СД1-7 (А86) in DC1,,
16:50-17:10,CDR,PAO Event,,
16:55-18:15,FE-1,"Physical Exercise (TVIS), Day  4",,
17:15-17:25,CDR,Health Maintenance System (HMS) Tonometry Test Setup,,
17:15-17:35,FE-2,IMS Update,,
17:25-17:45,CDR - СМО,,,
,,HMS - Tonometry Test,,
17:30-17:45,FE-6-subject,,,
17:35-18:05,FE-2,Crew time for ISS adaptation and orientation,,
,,ISS-MCC-M TV. TV PAO from SM with digital TV downlink after,,
17:45-18:15,FE-4,"installation and connection of КЛ-108 /109Ц unit.  То= 17:41, Т1, Т2,",,
,,Т3 activation/deactivation from СПП,,
17:55-18:05,FE-6,Teardown the VTR Bypass Configuration,,
18:05-18:50,FE-2,Evening Work Prep,,
18:10-18:30,FE-6 - СМО,,,
,,HMS - Tonometry Test,,
18:15-18:30,CDR-subject,,,
TIME,CREW,,,
06:00-06:05,CDR,Reaction Self Test,,
,,Morning inspection /,,
,,Reboot Laptop RS2(1),,
06:00-06:10,FE-1,Visual Inspection of Circuit Breaker [АЗС] Position on DC1 Power,,
,,"Switch Panel (БВП) and Fuses on DC Fuse Boxes  30, 36 using LED",,
,,indication,,
,,Morning inspection /,,
,,"Reboot Laptop RSS1, RSS2",,
06:00-06:10,FE-2,Visual Inspection of Circuit Breaker [АЗС] Position on DC1 Power,,
,,"Switch Panel (БВП) and Fuses on DC Fuse Boxes 30, 36 using LED",,
,,indication,,
06:00-06:10,FE-3,Morning Inspection,,
,,Morning Inspection,,
,,SM ПСС (Caution & Warning Panel) Test,,
,,Inspection of СМ-У connector on МНР-НС separator pump behind,,
06:00-06:10,FE-4,АСУ panel 139,,
,,Visual Inspection of Circuit Breaker [АЗС] Position on DC1 Power,,
,,"Switch Panel (БВП) and Fuses on DC Fuse Boxes 30, 36 using LED",,
,,indication,,
06:00-06:05,FE-6,Reaction Self Test,,
06:05-06:15,CDR,Morning Inspection,,
06:05-06:10,FE-6,Crew REMINDER About Constraints,,
06:10-06:20,FE-6,Morning Inspection,,
06:10-06:40,"FE-1, FE-2, FE-3, FE-4",Post-sleep,,
06:15-06:25,CDR,Glove Box (MSG) Activation,,
06:20-06:40,FE-6,Post-sleep,,
06:25-06:45,CDR,Post-sleep,,
,"FE-1, FE-2,",,,
06:40-07:30,"FE-3, FE-4,",BREAKFAST,,
,FE-6,,,
06:45-07:30,CDR,BREAKFAST,,
07:30-07:55,,Daily Planning Conference (S-band),,
07:55-08:25,FE-3,ISS Crew Adaptation,,
07:55-08:10,CDR,CSLM2-ECU - Programming,,
07:55-08:15,"FE-1, FE-2, FE-4, FE-6",Work Prep,,
08:10-08:25,CDR,BCAT-C1 Image Transfer and Camera Intervalometer Set,,
08:15-09:15,FE-1,Crew time for ISS adaptation and orientation,,
08:15-08:45,FE-4,АБ#6 БУПТ-1М(А406) R&R – preparation,,
08:15-08:20,FE-6,ENERGY Diet Log of Breakfast,,
08:20-08:30,FE-6,Connect WORF Cable,,
15:20-15:40,CDR,HMS Visual Testing Activity,,
15:20-16:00,FE-4,СОЖ Maintenance,,
15:20-16:50,FE-6,Physical Exercise (ARED),,
15:20-16:50,FE-2,CONSTANTA. Prep and Execution 1. Tagup with specialists (S-band),,
15:20-15:40,FE-3,FMK Deployment Ops,,
15:40-16:00,FE-3,Grab Sample Container (GSC) Sampling Operations,,
15:40-15:50,CDR,WRS Water Sample Analysis,,
15:50-16:50,FE-1,"Physical Exercise (VELO), Day 1",,
16:00-16:10,CDR,PAO Hardware Setup,,
16:00-16:10,FE-3,PAO Hardware Setup,,
16:00-16:20,FE-4,CONSTANTA Experiment Photography,,
16:10-17:10,CDR,Physical Exercise T2,,
16:10-16:20,FE-3,Crew Prep for PAO,,
16:20-16:40,FE-3,PAO Event,,
16:20-16:50,FE-4,Auxiliary Laptop Anti-Virus Update,,
16:40-17:40,FE-3,Crew time for ISS adaptation and orientation,,
16:50-18:20,FE-2,"Physical Exercise (TVIS), Day 4",,
16:50-17:20,FE-4,Transfer of Thermal Protection Jackets [ТЗК] from ТК 704А to ISS,,
16:50-17:50,FE-6,Physical Exercise (CEVIS),,
17:10-18:40,CDR,Physical Exercise (ARED),,
17:15-17:30,FE-1,,,
,,Recovery of TK708-MRM2 Exchange Bus Redundancy,,
17:20-17:30,FE-4,,,
17:40-17:55,FE-3,Private Medical Conference,,
17:50-18:50,FE-4,"Physical Exercise (TVIS), Day 2",,
17:50-18:10,FE-6,HMS Visual Testing Activity,,
17:55-18:45,FE-1,Evening Work Prep,,
17:55-18:25,FE-3,ISS Crew Adaptation,,
18:15-18:30,FE-6,JRNL - Journal Entry,,
18:20-18:45,FE-2,Evening Work Prep,,
18:25-18:45,FE-3,Evening Work Prep,,
18:30-18:45,FE-6,Evening Work Prep,,
18:40-18:50,CDR,TOCA 2 Data Recording,,
18:45-19:05,"FE-1, FE-2, FE-3, FE-6",Pre-sleep,,
18:50-19:05,CDR,Pre-sleep,,
18:50-19:05,FE-4,Pre-sleep,,
19:05-19:30,,Daily Planning Conference (S-band),,
19:30-19:50,,Crew conference with Astronaut Office,,
19:50-21:30,"FE-1, FE-2, FE-3, FE-4",Pre-sleep,,
19:50-21:20,FE-6,Pre-sleep,,
19:50-19:55,CDR,P/TV Playback Start,,
19:55-21:20,CDR,Pre-sleep,,
21:20-21:25,FE-6,ENERGY Diet Log of Dinner,,
21:20-21:25,CDR,Reaction Self Test,,
21:25-21:30,FE-6,Reaction Self Test,,
21:25-21:30,CDR,P/TV Playback Stop,,
21:30-06:00,,SLEEP,,
,,URAGAN Observations and Photography,,
,FE-4,,,
,,IMS Update,,
Task List,,,,
,,ECON-M. Observations and Photography,,
,"FE-1, FE-4",,,
,,Preparation of reports for Roskosmos site,,
TIME,CREW,,,
06:00-06:05,CDR,Reading REMINDER,,
,,Morning Inspection.,,
06:00-06:10,FE-1,,,
,,Reboot Laptop RS2(1),,
,,Morning Inspection.,,
06:00-06:10,FE-2,,,
,,"Reload Laptop RSS1, RSS2",,
06:00-06:10,"FE-3,FE-6",Morning Inspection,,
,,Morning Inspection.,,
06:00-06:10,FE-4,,,
,,SM ПСС (Caution & Warning Panel),,
06:10-06:40,,Post-sleep,,
06:40-07:20,,BREAKFAST,,
07:20-07:40,,Daily Planning Conference (S-band),,
07:40-07:45,CDR,ENERGY Diet Log of Breakfast,,
,,Stop charging the 1st  825М3 pack S/N 1267611113 and start,,
07:40-07:50,FE-1,"charging the 2nd pack S/N 1267611111 (00060192R,",,
,,ФГБ1ПГО_2_215_1),,
07:40-07:50,"FE-3, FE-6",Work Prep,,
07:40-07:50,"FE-2, FE-4",BREAKFAST,,
07:50-08:05,"FE-1, FE-4",Work Prep,,
07:50-09:20,FE-6,Physical Exercise (ARED),,
07:55-08:15,FE-3,CIR - Preparation Ops,,
08:00-08:15,FE-2,TV-MPEG2. Test Comm Session (Ku + S-band),,
08:00-08:10,CDR,HDVCA Activation,,
08:05-08:15,FE-4,Checking and Closing of SM External Window Shutters before purge,,
08:10-08:15,CDR,NOD1 (UOP1) Power Off,,
08:15-08:30,CDR,Treadmill Т2 Monthly Inspection,,
08:15-08:45,FE-1,DC1 EVA Support Panel (ПОВ) Test,,
08:15-08:30,FE-2,Work Prep,,
08:15-08:35,FE-3,CIR - Equipment Setup,,
08:15-08:45,FE-4,ПхО EVA Support Panel (ПОВ) Test,,
08:30-09:30,CDR,Physical Exercise T2,,
08:30-08:40,FE-2,CASKAD. Manual Mixing in Bioreactor,,
08:35-10:25,FE-3,MDCA - Hardware Replacement,,
08:40-09:25,FE-2,CMS Kit Audit,,
08:45-09:25,"FE-1, FE-4",Activation and Inspection of Orlan suits 6 and 4,,
09:20-10:40,FE-6,Jumper Cable Installation in Node 1,,
09:25-09:45,FE-1,DC1 БСС (Spacesuit Interface Unit) Checkout,,
09:25-09:45,FE-2,Crew time for ISS adaptation and orientation,,
09:25-09:45,FE-4,ПхО БСС (Spacesuit Interface Unit) Checkout,,
FE-4,,,,
,"DRE-1, FE-2,",,,
"FE-4FE-6CDRFE-1FE-4FE-3CDRCDRCDRCDR, FE-3,",,,,
"FE-6FE-2CDRFE-3FE-1, FE-2,",,,,
"TV (ISS-MCC) TV PAO Event Dedicated to the Cosmonautics Day(S + Ku-band, SD) /ENERGY - Water Sample CollectionTV (ISS-MCC) TV PAO with Yu. A. Gagarin Saratov StateTechnical University (S + Ku-band, SD)Physical Exercise (CEVIS)ENERGY - Urine Sample CollectionPhysical Exercise (ARED)Physical Exercise (TVIS), Day 1BASS. Preparation stepsCWC AuditPODCAST - Video RecordingSAMS: ICU Activation",,,,
,LUNCH,,,
"Physical Exercise (VELO), Day 3ENERGY Diet Log of LunchARED Flywheel Cylinder Evacuation",,,,
,LUNCH,,,
09:40-10:40,FE-3,Physical Exercise (CEVIS),,
09:40-11:40,FE-6,CFE. Test Ops,,
10:40-10:45,FE-2,СТТС Configuration for MRM1,,
10:45-13:45,FE-2,Recovery of MRM1 СПН ГК2 Thermal Loop Panel. Tagup with specialists as necessary (S-band),,
10:50-11:10,FE-3,MSG - Recorder Exchange,,
11:00-11:20,FE-4,Tightening ТК 704А QD Screw Clamps,,
11:10-11:20,FE-3,Glove Box (MSG) Activation,,
11:20-11:35,FE-3,JPM – Review Window Inspection Procedure,,
11:20-12:50,FE-4,Physical Exercise (ARED),,
11:35-11:55,FE-3,Camcorder Setup,,
11:55-12:25,"FE-3, FE-6",JPM – Window Inspection,,
12:00-13:30,FE-1,"Physical Exercise (TVIS), Day 3",,
12:25-13:05,FE-3,BASS Prep Work,,
12:50-13:30,FE-4,СОЖ Maintenance,,
12:55-13:25,FE-6,CFE Teardown,,
13:20-13:30,CDR,EKAM Battery Swap,,
13:25-13:30,FE-6,P/L Playback Start,,
,"CDR, FE-1,",,,
13:30-14:30,"FE-3, FE-4,",LUNCH,,
,FE-6,,,
13:45-13:50,FE-2,Restore Nominal Comm Configuration,,
13:50-14:50,FE-2,LUNCH,,
14:30-14:55,FE-6,WHC Partial Fill,,
14:35-14:55,FE-3,ISS - HAM Radio Session,,
14:50-15:20,FE-2,LCS. Copying data from RSE-LCS laptop to RSS2 and data downlink,,
15:00-15:40,FE-3,BASS Test Ops,,
15:05-15:30,CDR,COLUMBUS -Express Rack 3 Rotation Up,,
15:15-15:30,FE-4,Private Medical Conference (Ku + S-band),,
15:30-16:30,FE-6,Physical Exercise T2,,
15:30-15:45,FE-1,Private Medical Conference (Ku + S-band),,
,,Removal of БНП No. 3 (001473R) in SM [РО] and Stowage at nominal,,
15:30-16:00,FE-4,"location in MRM2, panels 302-301 (""overhead"" in the aisle to ТК),",,
,,"backup - ""deck"" of large diameter cone. Reflect changes in IMS",,
15:45-16:00,FE-2,Private Medical Conference (Ku + S-band),,
15:55-16:30,FE-3,CIR Equipment Stow,,
15:55-17:25,CDR,Physical Exercise (ARED),,
,,Replacement of Urine Receptacle (МП) and Filter-Insert (Ф-В) in АСУ.,,
16:00-16:30,"FE-2, FE-4","Install М-П No. 0520315 (00060187R, ФГБ1ПГО_2_208_1) , Ф-В No. 1201229 (00056629R, СМ1РО_1_138_1, cover S/N 0570069). Pre-",,
,,pack old М-П and Ф-В for disposal.  Reflect changes in IMS,,
16:30-18:00,FE-2,"Physical Exercise (TVIS), Day 2",,
"FE-1FE-3FE-4FE-1, FE-4FE-1FE-4FE-2CDRCDRFE-1, FE-2,",,,,
FE-4CDRFE-6FE-3FE-1FE-4,,,,
,ередача,,,
,мены,,,
"ПхО БК-3М Oxygen Tank Pressure CheckRadiation Area Monitors Installation and History PhotoDC1 БК-3М Oxygen Tank Pressure CheckBattery Installation in Orlan Telemetry Unit (БРТА)Physical Exercise (TVIS), Day 3Physical Exercise (ARED)СОЖ Maintenance. Replacement of ЭП 1003 in ГА ИК0501. Install#019 (00045027R, СМ1РО_4_449_1, Bag III-2 363-25). Dismantledunit to be disposed in ТКГ 418. Reflect changes in IMSJSL - Ku Comm Unit 1 InstallationHRCS - KU Comm Unit 1 Installation",,,,
,LUNCH,,,
LUNCHLUNCHLUNCHSpacesuit #6 and БСС (Orlan Interface Unit) Leak Checks and ValveTests,,,,
,Maintenance closures of Vozdukh Emergency Vacuum Valves [ABK],,,
ENERGY Diet Log of LunchLCS. Copying data from RSE-LCS laptop and Downlink. Activate RSE-,,,,
"LCS laptop to start data recordingConsolidation of Tool Kits for EVA-32, PhotographyHRCS - KU Comm Unit 1 InstallationИП-1 Flow Sensor Position VerificationPOC - Printer UnpackCrew time for ISS adaptation and orientationPhysical Exercise (TVIS), Day 2Spacesuit #4 and БСС (Orlan Interface Unit) Leak Checks and Valve",,,,
14:25-14:35,CDR,BCAT3. Camera Checkout,,
14:30-14:40,FE-6,SPHERES USB Stow,,
14:35-14:45,CDR,JEM System Laptop Reboot,,
14:35-14:55,FE-1,IMS Update,,
14:45-14:50,FE-6,D2XS Photo camera Battery Charge,,
14:55-15:05,FE-3,MELFI3. Ice Brick Insertion into MELF3,,
14:55-15:30,CDR,Sensewear Activity Monitor Data Saving,,
15:05-16:35,FE-3,Physical Exercise (ARED),,
15:15-16:45,FE-4,"Physical Exercise (VELO), Day 3",,
15:20-15:45,FE-2,Evening Work Prep,,
15:45-17:15,FE-2,"Physical Exercise (TVIS), Day 1",,
16:10-16:35,FE-6,BP. Registration Ops Overview,,
16:20-16:35,FE-1,Pre-EVA Private Medical Conference (Ku + S-band),,
16:35-18:05,FE-6,Physical Exercise (ARED),,
16:35-16:55,FE-1,Evening Work Prep,,
16:35-17:35,FE-3,Physical Exercise (CEVIS),,
16:45-17:00,FE-4,Pre-EVA Private Medical Conference (Ku + S-band),,
16:55-17:55,FE-1,"Physical Exercise (TVIS), Day 2",,
17:00-17:45,FE-4,Evening Work Prep,,
17:05-18:05,CDR,Physical Exercise T2,,
17:15-17:45,FE-2,VZAIMODEISTVIYE. Experiment Ops,,
17:35-18:05,FE-3,SSC Battery Gathering and Transfer to MRM2 prior to RS EVA,,
17:45-17:55,FE-2,CASKAD. Manual Mixing in Bioreactor,,
17:45-18:20,FE-4,Pre-sleep,,
17:55-18:20,"FE-1, FE-2",Pre-sleep,,
18:05-18:20,FE-6,P/TV - Battery Changeout,,
18:05-18:20,"CDR,FE-3",Evening Work Prep,,
18:20-18:45,,Daily Planning Conference (S-band),,
18:45-19:05,,Flight Director/ISS Crew Tagup,,
19:05-20:30,"FE-1, FE-2, FE-4",Pre-sleep,,
19:05-19:15,CDR,Evening Work Prep,,
19:05-19:30,"FE-3, FE-6",Evening Work Prep,,
19:15-21:10,CDR,Pre-sleep,,
19:30-21:25,FE-3,Pre-sleep,,
19:30-21:20,FE-6,Pre-sleep,,
20:30-05:30,"FE-1, FE-2, FE-4",SLEEP,,
21:10-21:15,CDR,BCAT - Crew Reminder,,
21:15-21:25,CDR,BCAT.  Camera Battery Changeout,,
14:30-17:30,"FE-1, FE-4","EVA procedures and preliminary timeline review, watching DVD’s. Tagup with specialists",,
14:30-15:30,FE-2,Crew time for ISS adaptation and orientation,,
14:30-15:30,FE-3,Crew time for ISS adaptation and orientation,,
15:45-16:15,FE-3,WRS Maintenance,,
15:45-16:00,FE-2,Private Medical Conference (Ku + S-band),,
15:50-17:20,CDR,Physical Exercise (ARED),,
16:00-17:00,FE-2,"Physical Exercise (TVIS), Day 1",,
16:15-17:00,FE-3,EXPRS1-ELC Laptop Software Load,,
16:20-17:20,FE-6,Physical Exercise T2,,
15:45-16:05,FE-3,WRM Condensate Pumping Terminate,,
17:00-17:15,FE-3,MERLIN - Software Load,,
17:00-17:20,FE-2,IMS Update,,
17:15-17:40,FE-3,SNFM Software Load,,
17:20-18:20,CDR,Physical Exercise (CEVIS),,
17:20-18:45,FE-6,Physical Exercise (ARED),,
17:30-19:00,FE-4,"Physical Exercise (TVIS), Day 3",,
17:30-17:45,FE-1,Private Medical Conference (Ku + S-band),,
17:40-18:40,FE-3,Crew time for ISS adaptation and orientation,,
17:45-18:05,FE-1,Evening Work Prep,,
18:05-19:05,FE-1,"Physical Exercise (VELO), Day 2",,
18:05-18:55,FE-2,Evening Work Prep,,
18:20-19:05,CDR,Evening Work Prep,,
18:40-19:05,FE-3,Evening Work Prep,,
18:45-19:05,FE-6,Evening Work Prep,,
18:55-19:05,FE-2,CASKAD. Manual Mixing in Bioreactor,,
19:05-19:30,,Daily Planning Conference (S-band),,
19:30-21:30,"FE-1, FE-2, FE-3, FE-4",Pre-sleep,,
19:30-19:35,CDR,P/TV Playback Start,,
19:30-21:20,FE-6,Pre-sleep,,
19:35-21:20,CDR,Pre-sleep,,
21:20-21:25,CDR,Reaction Self Test,,
21:20-21:25,FE-6,ENERGY Diet Log of Dinner,,
21:25-21:30,FE-6,Reaction Self Test,,
21:25-21:30,CDR,P/TV Playback Stop,,
21:30-06:00,,SLEEP,,
,"FE-1, FE-2,",,,
,FE-4,Preparation of reports for Roskosmos site,,
Task List,"FE-1, FE-4",ECON-M. Observations and Photography,,
,FE-4,URAGAN Observations and Photography,,
TIME,CREW,ACTIVITY,,
06:00-06:05,FE-6,PROK - Urine Sample Collection,,
06:00-06:05,CDR,PROK. Urine РН Test,,
06:00-06:10,FE-3,Morning Inspection,,
,FE-4,"Morning Inspection. RSS1, RSS2 Reboot",,
06:00-06:10,FE-2,Morning Inspection. SM ПСС (Caution & Warning Panel) Test,,
,FE-1,Morning Inspection. Reboot Laptop RS2(1),,
06:05-06:10,"CDR, FE-6",Reaction Self Test,,
06:10-06:20,CDR,BCAT. Camera Battery Changeout,,
06:10-06:40,"FE-1, FE-2, FE-3, FE-4",Post-sleep,,
06:10-06:20,FE-6,Morning Inspection,,
06:20-06:40,FE-6,Post-sleep,,
06:20-06:25,CDR,REMINDER. Crew Reminder about the ENERGY Experiment,,
06:25-06:30,CDR,REMINDER-BP REG - Reading Reminder,,
06:30-06:40,CDR,Morning Inspection,,
06:40-07:20,CDR,Post-sleep,,
,"FE-1, FE-2,",,,
06:40-07:30,"FE-3, FE-4,",BREAKFAST,,
,FE-6,,,
07:20-07:25,CDR,ENERGY Diet Log of Breakfast,,
07:25-07:50,CDR,BREAKFAST,,
07:30-07:50,"FE-1, FE-3, FE-4, FE-6",Work Prep,,
07:30-07:40,FE-2,CASKAD. Manual Mixing in Bioreactor,,
07:40-07:50,FE-2,Verification of antivirus scan results on ВКС laptops and Status Report,,
07:50-08:15,,Daily Planning Conference (S-band),,
08:15-08:35,FE-6,SPHERES - File Transfers from USB,,
08:15-08:50,CDR,Audio Dosimeter Preparation,,
08:15-08:30,FE-2,БМП Ф1 Absorption Cartridge Regeneration (start),,
08:15-08:30,FE-3,Combustion Integrated Rack (CIR) Rack Door and Temperature Check,,
08:20-09:05,"FE-1, FE-4",Viewing DOUG EVA-32 Model,,
08:30-09:30,FE-2,Video for Roskosmos TV Studio,,
08:30-08:45,FE-3,CIR. Close Manifold Bottle Valves,,
08:35-10:05,FE-6,SPHERES - Setup and Record,,
08:45-08:55,FE-3,CIR Rack Doors Close,,
08:50-10:20,CDR,Periodic Fitness Evaluation - Nom Ops (subject),,
08:55-09:05,FE-3,Glove Box (MSG) Activation,,
09:10-09:50,"FE-1, FE-4","TORU Test with Docked ТКГ 418.  Tagup with specialists (S-band, RGS)",,
09:25-09:55,FE-3,Periodic Fitness Evaluation - Nom Ops (assistance),,
09:30-09:40,FE-2,SM CO measurement using CMS unit,,
09:45-12:45,FE-2,Wetting and Flushing SKV2 БТА Heat Exchanger-Evaporator wicks. Tagup with specialists (S-band),,
09:50-11:20,FE-4,"Physical Exercise (TVIS), Day 1",,
09:50-10:30,FE-1,IDENTIFIKATSIYA. Copy ИМУ-Ц micro-accelerometer data to laptop,,
09:55-10:35,FE-3,BASS. Preparation steps,,
10:05-13:05,FE-6,SPHERES. Start VERTIGO Test,,
10:20-11:50,CDR,Physical Exercise (ARED),,
10:35-11:35,FE-3,Physical Exercise (CEVIS),,
10:45-11:00,FE-1,ИП-1 Flow Sensor Position Verification,,
11:00-11:40,FE-1,СОЖ Maintenance,,
11:45-12:30,FE-4,ТКГ 418 (DC1) Activation,,
11:45-11:50,FE-1,Set up video equipment to record ARED exercise,,
11:50-13:20,FE-1,Physical Exercise (ARED),,
11:55-12:00,CDR,ENERGY - Water Sample Collection,,
12:00-12:20,CDR,ENERGY - Urine Sample Collection,,
12:05-12:15,FE-3,MELFI. 3 Ice Brick Insertion into MELF3,,
12:15-12:55,FE-3,BASS. Test Ops,,
12:30-12:50,FE-4,ТКГ-СУ and СО-СУ transfer hatches closure,,
12:40-12:50,CDR,BCAT3. Camera Checkout,,
12:45-13:45,FE-2,"Physical Exercise (VELO), Day 3",,
12:50-13:50,CDR,LUNCH,,
12:50-13:50,FE-4,ТКГ-СУ and СО-СУ hatch leak check,,
12:55-13:55,FE-3,LUNCH,,
13:20-14:20,FE-1,LUNCH,,
13:40-14:40,FE-6,LUNCH,,
13:50-14:00,CDR,PROK - Diet Log (Day 1),,
13:50-14:50,"FE-2, FE-4",LUNCH,,
14:00-14:05,CDR,ENERGY Diet Log of Lunch,,
14:10-15:00,"CDR, FE-3",RGN-REC TK - Recycle Tank Remove and Replace,,
14:20-14:50,FE-1,Installation of Additional Portable Repress Tank (БНП) No. 17 in DC1,,
14:40-14:45,FE-6,PROK. Diet Logging Day 2- Day 4,,
14:45-15:10,FE-6,SPHERES - Data Export from USB Drive,,
14:50-15:10,FE-2,IMS Update,,
14:50-15:05,"FE-1, FE-4",Configure ПхО prior for Pressurized Orlan Translation Training,,
15:00-16:20,FE-3,BASS. Closeout Ops,,
15:00-15:15,CDR,RGN - Initiate drain into EDV,,
15:05-16:35,"FE-1, FE-4",Transfer of two Pressurized Orlan Suits to ПхО,,
15:10-15:25,FE-2,Private Medical Conference (S + Ku-band),,
15:20-15:35,FE-6,ARED Flywheel Cylinder Evacuation,,
TIME,CREW,ACTIVITY,,
06:00-06:10,CDR,BCAT Camera Battery Changeout,,
,,Morning Inspection.,,
,,Reboot Laptop RS2(1),,
06:00-06:10,FE-1,,,
,,Inspection of СМ-У connector on МНР-НС separator pump behind,,
,,АСУ panel 139,,
06:00-06:15,FE-2,KHROMATOMASS. Experiment Setup,,
06:00-06:05,FE-3,Urine Spot Test,,
,,"SPRUT-2. Setup, Body Mass Measurement, and Closeout Ops",,
06:00-06:30,FE-4,,,
,,Tagup with specialists (S-band),,
06:00-06:10,FE-6,Morning Inspection,,
06:05-06:25,FE-3,HRF Urine Sample Collection,,
06:10-06:20,CDR,Morning Inspection,,
06:10-06:40,"FE-1, FE-6",Post-sleep,,
06:15-06:45,FE-2,KHROMATOMASS. Saliva and Blood Collection,,
06:20-07:05,CDR,Post-sleep,,
06:25-06:30,FE-3,HRF - Urine Sample MELFI Insertion,,
06:30-06:35,FE-3,REMINDER - Reading Reminder,,
06:30-07:30,FE-4,"SPRUT-2. Experiment Ops. Tagup with specialists (S-band, VHF)",,
06:35-06:45,FE-3,Morning Inspection,,
06:40-07:30,"FE-1, FE-6",BREAKFAST,,
,,Morning Inspection.,,
06:45-06:55,FE-2,,,
,,SM ПСС (Caution & Warning Panel) Test,,
06:45-06:55,FE-3,Post-sleep,,
06:55-07:25,FE-2,Post-sleep,,
06:55-07:25,FE-3,HRF Sample Blood Draw,,
07:05-07:20,CDR,HRF Blood Sample Draw (assistance),,
07:20-07:50,CDR,BREAKFAST,,
07:25-07:35,FE-3,"Post-sleep,",,
07:25-08:15,FE-2,BREAKFAST,,
07:30-07:50,"FE-1, FE-6",Work Prep,,
07:30-07:40,FE-4,"Morning Inspection. RSS1, RSS2 Reboot",,
07:35-07:45,FE-3,HRF – Centrifuge Config,,
07:40-08:10,FE-4,Post-sleep,,
07:45-08:15,FE-3,BREAKFAST,,
07:50-08:00,CDR,Work Prep,,
07:50-08:30,FE-1,ТКГ 419 Aft Transfers and IMS Ops,,
08:00-08:30,CDR,NANORAC 'Big Picture' overview,,
08:10-08:30,FE-4,BREAKFAST,,
08:15-08:30,FE-2,KHROMATOMASS. Closeout Ops,,
TIME,CREW,,,
06:00-06:10,FE-6,Morning Inspection,,
06:00-06:15,FE-1,Biochemical Urine Test,,
,,Morning Inspection.,,
06:00-06:15,FE-2,,,
,,SM ПСС (Caution & Warning Panel) Test,,
06:00-06:15,CDR,Morning Inspection,,
06:00-06:10,FE-4,"Morning Inspection. RSS1, RSS2 Reboot",,
06:00-06:10,FE-3,BCAT.  Camera Battery Changeout,,
06:10-06:30,FE-4,Post-sleep,,
06:10-06:35,FE-6,Post-sleep,,
06:10-06:20,FE-3,Morning Inspection,,
06:15-06:30,FE-2,Biochemical Urine Test,,
06:15-06:45,CDR,VASC - Blood Draw,,
06:15-06:30,FE-1,KHROMATOMASS. Experiment Setup,,
06:20-06:45,FE-3,Post-sleep,,
06:30-06:45,FE-4,Biochemical Urine Test,,
06:30-07:00,FE-1,KHROMATOMASS. Saliva and Blood Collection,,
06:30-06:50,FE-2,Post-sleep,,
06:35-07:25,FE-6,BREAKFAST,,
06:45-06:55,FE-4,URYSIS Hardware Stow,,
06:45-07:30,FE-3,BREAKFAST,,
06:45-06:55,CDR,Post-sleep,,
06:50-07:40,FE-2,BREAKFAST,,
06:55-07:05,CDR,VASC - Centrifuge Reconfiguration,,
06:55-07:50,FE-4,BREAKFAST,,
,,Morning Inspection.,,
07:00-07:10,FE-1,,,
,,Reboot Laptop RS2(1),,
07:05-07:35,CDR,BREAKFAST,,
07:10-07:30,FE-1,Post-sleep,,
07:25-07:30,FE-6,Circadian Experiment Constraints Reminder,,
07:30-07:50,"FE-3, FE-6",Work Prep,,
07:30-07:50,FE-1,BREAKFAST,,
07:35-07:40,CDR,VASC - Blood Sample Closeout Ops,,
07:40-07:50,FE-2,Verification of antivirus scan results on ВКС laptops and Status Report,,
07:40-07:50,CDR,VASC - Blood Sample Insertion into MELFI,,
07:50-08:15,.,Daily Planning Conference (S-band),,
,,Conference of Search and Rescue (ГПСК) specialists with returning crew (S-,,
08:15-08:35,"CDR, FE-4, FE-6",,,
,,band),,
08:15-08:30,FE-1,KHROMATOMASS. Closeout Ops,,
08:15-08:35,FE-3,Work Prep,,
08:15-08:25,FE-2,Work Prep,,
08:25-09:05,FE-2,IDENTIFICATION. Copy ИМУ-Ц micro-accelerometer data to laptop,,
08:30-08:55,FE-1,BREAKFAST,,
08:35-08:45,FE-3,CIR - Hardware Setup,,
08:35-08:55,FE-4,Work Prep,,
08:35-08:50,CDR,VASC - Blood Collection Equipment Stow,,
08:35-08:40,FE-6,Power Tool Battery Recharge,,
08:40-08:55,FE-6,PHS Evaluation Setup,,
08:55-09:15,FE-1,Work Prep,,
08:55-09:10,CDR,Periodic Health Status - Assistance,,
08:55-09:10,FE-6,Periodic Health Status - Subject,,
,"FE-4, FE-2",,,
09:05-10:00,,LBNP Exercise (PRELIMINARY). Tagup with specialists (S-band),,
,assists,,,
09:10-09:25,FE-6,Periodic Health Status – Assistance,,
09:10-09:25,FE-3,COL - Hardware Transfer and Setup,,
09:10-09:25,CDR,Periodic Health Status – Subject,,
,,Verification of 17КС.Б9640-0 Pressurization Equipment Setup.  Tagup with,,
09:15-10:15,FE-1,,,
,,specialists (S-band),,
,,Periodic Health Status (PHS) Data Entry and Stowage of All Hardware Used in,,
09:25-09:45,CDR,,,
,,PHS,,
09:35-10:05,FE-3,USND2 - Hardware Checkout before the Experiment,,
09:40-09:45,FE-6,Power Tool Battery Recharge,,
09:45-10:10,FE-6,Condensate Pumping Initiation,,
09:45-10:25,CDR,RFTA Reconfiguration For Urine Processing,,
10:00-13:30,FE-4,Elektronnyi Nos. Second Experiment Ops. Tagup with specialists (S-band),,
10:05-12:20,FE-3,SPINAL - Equipment Setup,,
10:15-11:45,FE-1,Physical Exercise (ARED),,
,,"Gas Analyzer ГЛ2106 Fan Replacement. Install #231 (0060513R,",,
10:15-10:35,FE-2,,,
,,СМ1РО_4_449_1). Update IMS,,
10:35-11:35,FE-2,"Physical Exercise (VELO), Day 1",,
10:40-11:40,CDR,Physical Exercise T 2,,
10:45-10:50,FE-6,Power Tool Battery Recharge,,
10:50-11:00,FE-6,Condensate Pumping CWC-I Swap,,
11:00-12:15,FE-6,SPINAL - Echo Scan Ops,,
11:40-11:45,FE-2,Activation of ГЛ2106 Gas Analyzer,,
11:40-11:45,CDR,SPINAL - History photo,,
11:45-12:15,FE-2,Search for additional СтА Accessories Kit 11Ф732.Г1000-530 in MRM1,,
11:45-13:15,CDR,Physical Exercise (ARED),,
12:00-12:30,FE-1,ТК 419 (Aft) Docking Video Downlink via РСПИ,,
12:15-12:30,FE-2,ИП-1 Flow Sensor Position Verification,,
12:15-12:20,FE-6,Power Tool Battery Recharge,,
12:20-12:40,FE-6,Terminate Condensate Pumping,,
12:20-12:50,FE-3,WPA2 Troubleshooting (Part 1),,
12:40-13:10,FE-1,Preparation for Replacing Signal VM ДС-7А Smoke Detectors,,
12:45-12:50,FE-2,Activation of ГЛ2106 Gas Analyzer,,
12:50-13:10,FE-2,IMS Update,,
12:50-13:50,FE-3,LUNCH,,
12:50-13:00,FE-6,SPINAL - Scanning Ops,,
13:00-13:15,FE-6,Carotid Scan,,
13:10-14:10,"FE-1, FE-2",LUNCH,,
13:15-13:25,FE-6,Carotid Scan,,
13:20-14:20,CDR,LUNCH,,
13:25-13:55,FE-6,Carotid Scan,,
13:30-14:30,FE-4,LUNCH,,
13:50-14:00,FE-3,BCAT3-- camera checkout,,
13:55-14:05,FE-6,Ultrasound - Data Copy,,
14:05-15:05,FE-6,LUNCH,,
14:10-14:20,FE-1,On MCC GO Demate ДС-7А TM-connectors,,
14:10-14:20,FE-3,Troubleshooting WPA2 - J01 Connector Cycling,,
,,Replacing Signal-VM ДС-7А Smoke Detectors. Tagup with specialists (S-,,
14:20-16:50,"FE-1, FE-2",,,
,,band),,
14:30-15:30,FE-4,Pre-pack cargo items for return or disposal on ТК 704A,,
14:45-15:45,CDR,MICROFLOW - Checkout,,
14:55-15:10,FE-3,USND2 - Ultrasound 2 Power Off,,
15:05-15:10,FE-6,Power Tool Battery Recharge,,
15:10-15:40,FE-3,WPA2 Troubleshooting (Part 2),,
15:20-16:20,FE-6,Crew Departure Prep,,
,,OBSTANOVKA. Search and gather connectors.  Tagup with specialists (S-,,
15:30-15:50,FE-4,,,
,,band),,
15:40-15:55,FE-3,COL - Hardware Transfer and Setup,,
15:50-16:50,FE-4,"Physical Exercise (TVIS), Day  3",,
15:55-17:25,FE-3,Physical Exercise (ARED),,
16:10-16:20,CDR,PAO Hardware Setup,,
16:20-16:30,CDR,Crew Prep for PAO,,
16:20-16:25,FE-6,Power Tool Battery Recharge,,
16:25-17:25,FE-6,Physical Exercise T2,,
16:30-16:50,CDR,PAO Event,,
16:50-18:20,FE-2,"Physical Exercise (TVIS), Day  1",,
,,On MCC GO OBSTANOVKA. Mating connectors. Tagup with specialists (S-,,
16:50-17:00,FE-4,,,
,,band),,
16:50-17:00,FE-1,On MCC GO Mating ДС-7А sensor telemetry connectors / r/g 2247 step 5,,
17:00-17:15,FE-1,Closeout operations following Signal VM ДС-7А Smoke Detector Replacement,,
17:00-17:10,FE-4,OBSTANOVKA. Closeout Ops. Tagup with specialists (S-band),,
17:10-17:30,FE-4,Crew Departure Prep,,
17:25-18:25,FE-3,Physical Exercise (CEVIS),,
17:25-18:55,FE-6,Physical Exercise (ARED),,
17:30-17:45,FE-4,Private Medical Conference (Ku + S-band),,
17:35-18:35,CDR,Crew Departure Prep,,
17:45-18:15,FE-4,VZAIMODEISTVIYE Experiment Ops,,
17:50-18:05,FE-1,Private Medical Conference (Ku + S-band),,
18:05-19:05,FE-1,"Physical Exercise (TVIS), Day 2",,
15:45-16:40,CDR,CWQMK Water Sample Analysis,,
15:55-16:00,FE-3,HRF MELFI Urine Sample Insertion,,
16:00-16:20,FE-3,HRF Urine Collection Hardware Stow,,
16:20-17:20,FE-3,Crew time for ISS adaptation and orientation,,
16:50-16:55,CDR,Video Camera Assembly (VCA1) Adjustment,,
16:50-17:50,FE-2,Crew time for ISS adaptation and orientation,,
16:55-17:05,CDR,ENERGY - Water Sample Collection,,
17:00-17:20,FE-1,"Setup 825М3 unit 1 to Discharge S/N 1267611113 (00060194R, ФГБ1ПГО_2_221_1, bag 416-26 (00059117R))",,
17:00-18:00,FE-4,"Dismantle ЛКТ (ТА251МБ) and ПЗУ in ТГК 417 /Stow dismantled unit in СМ1РО_3_314_1, bag 353-8 (00037141R). Reflect changes in IMS",,
17:00-18:30,FE-6,Physical Exercise (ARED),,
17:05-17:55,CDR,ENERGY - Hardware Setup,,
17:20-17:30,FE-3,PROK - Copy Data and Photos,,
17:20-17:40,FE-1,Evening Work Prep,,
17:35-17:55,FE-3,WRM - WRM - Condensate Pumping Termination,,
17:40-18:55,FE-1,"Physical Exercise (TVIS), Day 4",,
17:50-18:00,FE-2,CASKAD. Manual Mixing in Bioreactor,,
17:55-18:15,CDR,HRF1- Hardware Stowage,,
17:55-18:05,FE-3,TOCA 2 Data Recording,,
18:00-18:55,FE-4,"Physical Exercise (VELO), Day 1",,
18:05-18:55,"FE-2,FE-3",Evening Work Prep,,
18:15-18:55,CDR,Evening Work Prep,,
18:30-18:45,FE-6,JRNL - Journal Entry,,
18:45-18:55,FE-6,Evening Work Prep,,
18:55-19:20,.,Daily Planning Conference (S-band),,
,"CDR,",,,
19:20-19:30,"FE-1,FE-2,",Evening Work Prep,,
,"FE-3,FE-4",,,
19:20-19:25,FE-6,Evening Work Prep,,
19:25-21:25,FE-6,Pre-sleep,,
19:30-21:30,"FE-1,FE-2, FE-3,FE-4",Pre-sleep,,
19:30-19:35,CDR,P/TV Playback Start,,
19:35-19:40,CDR,Pre-sleep,,
19:40-19:55,CDR,Crew Discretionary Event,,
19:55-21:20,CDR,Pre-sleep,,
21:20-21:25,CDR,Reaction Self Test,,
21:25-21:30,CDR,P/TV Playback Stop,,
21:25-21:30,FE-6,Reaction Self Test,,
21:30-06:00,.,SLEEP,,
,,IMS Update,,
Task List,FE-2,,,
,,URAGAN Observations and Photography,,
,,,"FE-1,FE-4",ECON-M. Observations and PhotographyPreparation of reports for Roskosmos siteРСПИ (Data Transmission Radio Link). Data Prep on RSS2 for Downlinkvia РСПИ
,,"FE-1,FE-2,FE-4",,
,,FE-4,,
08:20-09:45,FE-6,Physical Exercise (ARED),,
08:55-09:55,FE-2,Video for Roskosmos TV Studio,,
09:00-09:20,FE-1,DC1 Air Duct Removal (do not remove B3 fan),,
09:00-09:15,FE-4,Preparing comm assets for EVA Training,,
09:05-09:10,FE-3,PFE Video Setup,,
09:10-10:40,FE-3,Periodic Fitness Evaluation - Nom Ops (subject),,
09:20-09:40,"FE-1, FE-4",Orlan Systems Checkout during pre-EVA training,,
09:40-09:55,"FE-1, FE-4",DC1 БСС [Orlan Interface Unit] Checkout,,
09:45-10:15,FE-6,Periodic Fitness Evaluation - Nom Ops (assistance),,
09:55-12:15,FE-2,Suited Exercise Dry Run - Assistance in suited Exercise,,
09:55-10:25,"FE-1, FE-4",EVA Gear Donning,,
10:15-10:35,FE-6,HRF Urine Sample Collection,,
10:25-10:55,"FE-1, FE-4",Comm check and medical parameter test,,
10:35-10:40,FE-6,HRF MELFI Urine Sample Insertion,,
10:40-11:40,FE-6,Physical Exercise (CEVIS),,
10:40-10:45,FE-3,Stowage of Equipment Used for PFE Video Shoot,,
10:45-10:50,FE-3,Photo/TV Camcorder Setup Verification,,
10:50-12:15,FE-3,Physical Exercise (ARED),,
10:55-11:05,"FE-1, FE-4",Orlan and БСС Initial Conditions Check In Run,,
11:05-11:20,"FE-1, FE-4","Entry into Orlan, Seal off Backpacks",,
11:20-11:25,"FE-1, FE-4",Orlan and БСС Controls Checkout,,
11:25-11:30,"FE-1, FE-4",Orlan and БСС Preliminary Leak Check,,
11:30-11:45,"FE-1, FE-4",Orlan fit check at suit pressure Р.СК= 0.4,,
11:35-11:45,CDR,WRS Water Sample Analysis,,
11:40-12:25,FE-6,EXPRS6 - Laptop SW load,,
11:45-12:15,"FE-1, FE-4",Orlan translation exercise,,
12:00-12:10,CDR,BCAT3. Camera Checkout,,
12:15-12:20,CDR,Photo/TV Camcorder Setup Verification,,
12:15-12:45,"FE-1, FE-4",Exit from Orlan,,
12:20-13:30,CDR,Physical Exercise (ARED),,
12:25-12:40,FE-6,EXPRS6 Software Load,,
12:40-12:55,FE-6,MERLIN - Software Load,,
12:45-12:55,FE-4,Post-Suited Exercise Comm Reconfig for Nominal Ops,,
12:55-13:05,FE-6,PAO Hardware Setup,,
12:55-13:25,FE-2,ТК 708 Comm Check in Preparation for EVA-32.Tagup with specialists (S-band),,
13:05-14:05,"FE-3, FE-6",LUNCH,,
13:25-14:25,"FE-1, FE-2, FE-4",LUNCH,,
13:30-14:15,CDR,LUNCH,,
10:30-11:00,"FE-1, FE-4",Preparation for ТКГ 419 Docking,,
10:50-11:50,FE-2,LUNCH,,
11:00-12:40,FE-4,ТКГ 419 Docking to SM Aft,,
11:00-11:40,FE-1,,,
,,TV from ТКГ 419 (via S+Ku-band) Start NASA MPEG2 Viewer,,
11:40-11:50,FE-1,Application and Monitor TV Signal via CP SSC Laptop (for MPEG2,,
,,Docking Video). Tagup with specialists (S-band),,
11:45-12:40,FE-3,BASS Test Ops,,
11:50-12:30,FE-1,ТКГ 419 Docking to SM Aft Restore Nominal Comm Configuration,,
11:50-12:30,FE-2,Photography of ТКГ 419 (51Р) antenna from SM window #26. Downlink images via OCA or РСПИ Tagup with specialists (as necessary),,
11:55-12:25,FE-6,CFE Teardown,,
12:30-12:40,FE-1,Turn off SSC CP Laptop Application,,
12:40-12:45,FE-6,P/L Playback Start,,
12:40-13:40,"FE-1, FE-4",LUNCH,,
12:40-12:55,FE-3,Glacier 3 Desiccant Pack Swap,,
12:40-13:40,CDR,LUNCH,,
12:45-13:00,FE-6,JRNL - Journal Entry,,
12:55-13:55,FE-3,LUNCH,,
13:00-14:00,FE-6,LUNCH,,
13:40-14:05,FE-1,БТХ Activation of Thermostats. Tagup with specialists (S-band),,
13:40-14:00,CDR,WRM Condensate Pumping Terminate,,
13:55-15:15,FE-2,Physical Exercise (ARED),,
13:55-14:00,FE-3,PROK - Diet Log (Day 2-4),,
14:00-14:10,FE-3,BCAT3 - Camera Checkout,,
14:00-14:05,"CDR,FE-6",SHD - Weekly Questionnaire,,
14:05-15:15,CDR,IFM - Equipment setup for СНТ Test,,
14:05-14:25,FE-6,NANORACK Data Collection,,
14:05-15:20,"FE-1, FE-4",ТКГ 419 and SM Aft Interface Leak Check. Tagup with specialists (S-band),,
14:10-14:20,FE-3,EKAM Battery Swap,,
14:20-15:45,FE-3,BASS Closeout Ops,,
14:40-15:40,FE-6,RVF - Experiment Protocol,,
15:15-16:45,CDR,Physical Exercise (ARED),,
15:20-15:30,"FE-1, FE-4",Opening of ПрК-СУ Hatch. Tagup with specialists (VHF),,
15:30-15:40,"FE-1, FE-4",On MCC GO Opening Hatch ТКГ-СУ. Tagup with specialists (VHF),,
15:40-16:00,"FE-1, FE-4",Installation of Quick Release Screw Clamps on SM Aft side,,
15:45-16:00,FE-2,ТКГ 419 (АО) Air Sampling Using АК-1М sampler,,
15:45-16:45,FE-3,Physical Exercise T 2,,
15:50-16:50,FE-6,Physical Exercise (CEVIS),,
16:00-16:30,FE-4,"Progress deactivation, air duct installation",,
TIME,CREW,,,
06:00-06:05,FE-3,PROK - Urine Spot Test,,
06:00-06:10,FE-2,Morning Inspection. Reboot Laptop RS2(1),,
06:00-06:05,FE-6,REACTION -Self-Test,,
06:00-06:10,FE-1,"Morning Inspection. RSS1, RSS2 Reboot",,
06:00-06:10,FE-4,Morning Inspection. SM ПСС (Caution & Warning Panel) Test,,
06:00-06:10,CDR,BCAT - Camera Battery Changeout,,
06:05-06:15,FE-6,Morning Inspection,,
06:05-06:15,FE-3,EKAM Battery Swap,,
06:10-06:20,CDR,Morning Inspection,,
06:10-06:40,"FE-1, FE-2, FE-4",Post-sleep,,
06:15-06:25,FE-3,Morning Inspection,,
06:15-06:45,FE-6,,,
06:20-06:50,CDR,Post-sleep,,
06:25-06:55,FE-3,,,
06:40-07:40,"FE-1, FE-2, FE-4",,,
06:45-07:40,FE-6,BREAKFAST,,
06:50-07:40,CDR,,,
06:55-07:40,FE-3,,,
07:40-08:05,,Daily Planning Conference (S-band),,
08:05-08:15,FE-2,VIRU. Battery Charge (terminate),,
08:05-08:25,"FE-1, FE-3, FE-4",,,
08:05-08:30,FE-6,Work Prep,,
08:05-08:45,CDR,,,
08:15-08:30,FE-2,,,
08:25-09:30,FE-3,Clean Bench (CB) Microscope Checkout,,
08:25-10:10,FE-1,Post-EVA SM ПхО and DC1 reconfig to nominal,,
08:30-08:50,FE-2,Pressurization of Elektron-VM Liquid Unit before Activation,,
08:30-09:00,FE-6,ROBONAUT - Experiment Procedure Review,,
08:45-08:50,CDR,CDA screen inspection in Columbus,,
08:50-09:00,CDR,CDA screen inspection in Columbus,,
08:50-09:50,"FE-4, FE-2 assists",Orthostatic Stability Evaluation with LBNP. Tagup with specialists (S-band),,
09:00-09:05,CDR,CDA screen inspection in Columbus,,
09:00-09:10,FE-6,ROBONAUT - Camcorder Setup,,
09:05-09:10,CDR,AQM Network Reconnect,,
14:40-15:10,FE-1,BIF Cryogem-03 Setup for the Experiment. Tagup with specialists (S-band),,
14:45-14:55,FE-6,Robonaut Taskboard Stow,,
14:50-15:00,CDR,Ham Radio Deactivation,,
14:55-15:05,"FE-3, FE-6",Crew Prep for PAO,,
15:00-15:10,CDR,BCAT3 Camera Checkout,,
15:05-15:15,FE-6,PAO Hardware Setup,,
15:10-16:10,"FE-1, FE-4",Conference on specifics of ТКГ 419 (АО) Docking / Tagup with specialists (S-band),,
15:15-15:35,"FE-3, FE-6",PAO Event,,
15:35-16:05,FE-3,VIABLE Bag Inspection,,
16:00-16:10,CDR,CWC Audit,,
16:05-17:35,FE-6,Physical Exercise (ARED),,
16:05-16:35,FE-3,VIABLE. - P/L Photography Inside ISS,,
16:10-17:10,FE-4,Post-EVA SM ПхО and DC1 reconfig to nominal,,
16:10-17:35,FE-1,"Physical Exercise (TVIS), Day 1",,
16:10-16:35,CDR,Crew Medical Officer (CMO) Proficiency Training,,
16:35-16:45,FE-2,SM CO measurement using CMS unit,,
16:35-17:20,CDR,Initiate EMU Cooling Loop Scrub Part 3,,
16:40-17:40,FE-3,Physical Exercise (CEVIS),,
17:10-17:30,FE-4,IMS Update,,
17:10-18:40,FE-2,"Physical Exercise (TVIS), Day 4",,
17:20-17:50,CDR,Post-EVA Equipment Stow,,
17:35-18:35,FE-1,Photography of FGB Interior panels in Hygiene Ops Area,,
17:35-18:05,FE-6,IV-ТЕРС Transfer,,
17:35-19:05,FE-4,Physical Exercise (Т2) Day 2,,
17:40-19:10,FE-3,Physical Exercise (ARED),,
17:50-18:50,CDR,Physical Exercise (CEVIS),,
18:25-18:40,FE-6,IMS and Stowage Conference,,
18:35-19:10,FE-1,,,
18:40-19:10,FE-6,Evening Work Prep,,
18:40-19:10,FE-2,,,
18:50-19:10,CDR,Pre-sleep,,
19:10-19:30,,Daily Planning Conference (S-band),,
19:30-19:35,CDR,P/TV Playback Start,,
19:30-21:30,"FE-1, FE-4",,,
19:30-21:20,FE-3,,,
,,Pre-sleep,,
19:30-21:25,"FE-2, FE-6",,,
19:35-20:00,CDR,,,
20:00-20:20,CDR,Crew Conference with CSA,,
TIME,CREW,,,
06:00-06:05,CDR,Reaction Self Test,,
06:00-06:15,FE-1,KHROMATOMASS. Experiment Setup,,
06:00-06:10,FE-2,Morning Inspection SM ПСС (Caution & Warning Panel) Test,,
06:00-06:10,FE-3,Morning Inspection,,
06:00-06:10,FE-4,"Morning inspection /  Reload Laptop RSS1, RSS2",,
06:00-06:05,FE-6,Reaction Self Test,,
06:05-06:15,CDR,Morning Inspection,,
06:05-06:10,FE-6,Crew REMINDER about the Constraints,,
06:10-06:40,"FE-2, FE-3, FE-4",Post-sleep,,
06:10-06:20,FE-6,Morning Inspection,,
06:15-06:40,CDR,Post-sleep,,
06:15-06:45,FE-1,KHROMATOMASS. Saliva and Blood Collection,,
06:20-06:40,FE-6,Post-sleep,,
,"CDR, FE-2,",,,
06:40-07:30,"FE-3, FE-4,",BREAKFAST,,
,FE-6,,,
06:45-06:55,FE-1,Morning inspection.  Reboot Laptop RS2(1),,
06:55-07:30,FE-1,Post-sleep,,
07:30-07:55,,Daily Planning Conference (S-band),,
07:55-08:05,"CDR, FE-1, FE-6",Work Prep,,
07:55-08:05,FE-2,CASKAD. Manual Mixing in Bioreactor,,
07:55-08:15,FE-4,Work Prep,,
08:00-08:55,FE-3,ROBONAUT - Equipment Exchange,,
08:05-08:40,FE-1,BREAKFAST,,
08:05-08:10,FE-6,ENERGY Diet Log of Breakfast,,
08:05-08:10,CDR,Position the MPC camcorder to provide an overall view of Ku Comm Unit Installation activities,,
08:10-11:40,CDR,HRCS Video Cable Connection,,
08:10-09:50,FE-2,MATRYOSHKA-R. BUBBLE-dosimeter initialization and deployment for exposure,,
08:10-11:10,FE-6,HRCS Video Cable Connection,,
08:20-08:30,FE-4,Reading БАОК ГАНК-4М Data,,
08:30-09:50,FE-4,Physical Exercise (ARED),,
08:40-08:50,FE-1,CHROMATOMASS SPEKTR M. Photography of the Experiment Ops,,
08:50-09:05,FE-1,KHROMATOMASS. Closeout Ops,,
,,specialists (S-band),,
15:45-16:45,FE-6,Physical Exercise (CEVIS),,
15:45-16:45,FE-4,В3 Fan Screen Cleaning in DC1,,
15:55-16:05,"CDR, FE-1, FE-2, FE-3",Conference to Familiarize with Location of ISS Emergency Equipment (S-band),,
16:05-17:05,FE-2,Crew time for ISS adaptation and orientation,,
16:05-16:20,CDR,Private Medical Conference,,
16:05-17:35,FE-3,Physical Exercise (ARED),,
16:05-17:35,FE-1,"Physical Exercise (TVIS), Day 3",,
16:35-17:35,CDR,Physical Exercise T 2,,
16:45-17:10,FE-6,WHC Fill,,
16:45-17:15,FE-4,VZAIMODEISTVIYE Experiment Ops,,
17:05-18:35,FE-2,"Physical Exercise (TVIS), Day 2",,
17:10-17:25,FE-6,NANORACK - Power Up,,
,,СОЖ Maintenance. Gather О2 ГЛ adapter 5187 S/N 20,,
17:15-17:55,FE-4,"(00044898R, СМ1РО_4_449_1 bag363-25).  Install caps ШТ →",,
,,ШТ,,
17:25-17:35,FE-6,Formaldehyde Monitoring Kit (FMK) Stow Operations,,
17:35-17:50,FE-1,Deactivation of ТК 708 Gas Analyzer,,
17:35-19:05,CDR,Physical Exercise (ARED),,
17:50-18:10,FE-1,IMS Update,,
17:50-18:50,FE-3,Crew time for ISS adaptation and orientation,,
17:50-18:05,FE-6,"HRCS Application Checkout (IP-telephony, NetMeeting and  CSL)",,
17:55-18:10,FE-4,ТК 704A Gas Analyzer Deactivation,,
18:05-18:20,FE-6,Private Family Conference,,
18:10-18:45,FE-4,Evening Work Prep,,
18:15-19:05,FE-1,Evening Work Prep,,
18:20-18:35,FE-6,Private Medical Conference,,
18:35-18:55,FE-2,Evening Work Prep,,
18:35-19:05,FE-6,Evening Work Prep,,
18:45-19:05,FE-4,Reconfigure Regul-Packet to Use Regul-OS Set 1,,
18:50-19:05,FE-3,Evening Work Prep,,
18:55-19:05,FE-2,CASKAD. Manual Mixing in Bioreactor,,
19:05-19:30,,Daily Planning Conference (S-band),,
19:30-21:20,"FE-1, FE-6",Pre-sleep,,
19:30-21:30,"FE-2, FE-4",Pre-sleep,,
19:30-21:25,"CDR, FE-3",Pre-sleep,,
21:20-21:25,FE-6,ENERGY Diet Log of Dinner,,
21:20-21:30,FE-1,On MCC Go Filling up СрПК Section 2 ТГК 417 with N2,,
21:25-21:30,FE-3,REMINDER - Reading Reminder,,
21:25-21:30,"CDR, FE-6",Reaction Self Test,,
09:25-10:15,CDR,ENERGY - Measuring Oxygen Level,,
10:05-12:25,"FE-1, FE-4","Review EVA Translation Paths and Work Zones through ISS Windows.  Tagup with specialists (S-band, VHF)",,
10:15-10:20,CDR,ENERGY - Equipment stow,,
10:20-11:40,CDR,ENERGY - Measuring Oxygen Level,,
10:20-10:50,FE-6,Water Processing Assembly Software Stow,,
10:30-12:20,FE-3,BASS - Closeout Ops,,
10:40-11:40,FE-2,Crew time for ISS adaptation and orientation,,
10:50-12:20,FE-6,Physical Exercise (ARED),,
11:40-12:00,CDR,ENERGY - Urine Sample Collection,,
11:50-12:30,FE-2,СОЖ Maintenance,,
12:00-12:50,CDR,ENERGY - Measuring Oxygen Level,,
12:20-12:35,FE-6,ROBONAUT - Experiment Procedure Review,,
12:20-13:20,FE-3,Physical Exercise T2,,
12:25-13:25,FE-1,"Physical Exercise (TVIS), Day  1",,
12:25-13:25,FE-4,Physical Exercise (ARED),,
12:35-12:45,FE-6,ROBONAUT - Camcorder Setup,,
12:45-12:50,FE-6,ROBONAUT - Hardware Setup,,
12:50-13:10,CDR,ENERGY - Urine Sample Collection,,
13:00-13:20,FE-2,Installation of Obstanovka Experiment SW Patch in БСПН via RSS1. Tagup with specialists (S-band),,
13:00-13:30,FE-6,ROBONAUT -  Hardware Checkout,,
13:10-14:10,CDR,LUNCH,,
13:20-14:20,"FE-2, FE-3",LUNCH,,
13:25-14:25,"FE-1, FE-4",LUNCH,,
13:30-14:30,FE-6,LUNCH,,
14:10-14:15,CDR,ENERGY Diet Log of Lunch,,
14:15-14:30,CDR,ENERGY - Data Downlink and Hardware Powerdown,,
14:20-14:30,FE-3,MSG - Powerdown,,
14:20-14:35,FE-2,Private Medical Conference (Ku + S-band),,
14:25-14:55,FE-1,Crew time for ISS adaptation and orientation,,
14:25-14:35,FE-4,ТК 417 Stowage Completion Report (S-band),,
14:30-14:45,"FE-3,FE-6",ARED Flywheel Cylinder Evacuation,,
14:35-15:35,FE-2,"СКПФ1, СКПФ2 Dust Filter Replacement and MRM1 ГЖТ Cleaning  (ФГБ1ПГО_2_224_1, bag (00050788R)). Update IMS",,
14:40-14:55,FE-4,Private Medical Conference (Ku + S-band),,
14:45-15:25,FE-3,RGN REC-TNK - Remove depress hose for nominal operations,,
14:45-15:25,FE-6,RGN-REC TK – Transfer and Replacement,,
14:55-15:25,FE-4,"ТКГ 417 Activation, Air Duct Removal",,
14:55-15:10,FE-1,Private Medical Conference (Ku + S-band),,
15:25-15:40,FE-3,RGN – Start Filling EDV with Water,,
19:40-19:45,CDR,P/TV Playback Start,,
19:55-20:15,CDR,ISS - HAM Radio Session,,
20:15-21:20,CDR,Pre-sleep,,
21:20-21:25,CDR,ENERGY Diet Log of Dinner,,
21:25-21:30,CDR,P/TV Playback Stop,,
21:30-06:00,,SLEEP,,
,"FE-1, FE-2,",,,
,FE-4,Preparation of reports for Roskosmos site / r/g,,
,,IMS Update,,
Task List,FE-2,РСПИ (Data Transmission Radio Link). Data Prep on RSS2 for Downlink via РСПИ,,
,,URAGAN Observations and Photography,,
,"FE-1, FE-4",ECON-M. Observations and Photography,,
TIME,CREW,,,
06:00-06:05,CDR,CRHYT - Crew Reminder,,
06:00-06:10,FE-1,"Morning Inspection. RSS1, RSS2 Reboot",,
06:00-06:10,FE-2,Morning Inspection.  Reboot Laptop RS2(1),,
06:00-06:10,FE-4,Morning Inspection.  SM ПСС (Caution & Warning Panel) Test,,
06:00-06:10,"FE-3, FE-6",Morning Inspection,,
06:05-06:15,CDR,EKAM Battery Swap,,
06:10-06:20,FE-1,Hematocrit  Test,,
06:10-06:20,FE-4,Post-sleep,,
06:10-06:30,FE-2,Post-sleep,,
06:10-06:40,"FE-3, FE-6",Post-sleep,,
06:15-06:40,CDR,Post-sleep,,
06:20-06:40,FE-1,Post-sleep,,
06:20-06:30,FE-4,Hematocrit  Test,,
06:30-06:40,FE-2,Hematocrit  Test,,
06:30-06:40,FE-4,Post-sleep,,
06:40-06:45,FE-2,Hematocrit  Hardware Stowage,,
,"CDR, FE-1,",,,
06:40-07:30,"FE-3, FE-4,",BREAKFAST,,
,FE-6,,,
06:45-07:30,FE-2,BREAKFAST,,
07:30-07:40,,Work Prep,,
07:40-08:00,,Daily Planning Conference (S-band),,
08:00-09:25,FE-2,SM Ventilation System Preventive Maintenance. Group А,,
08:00-08:15,FE-4,ИП-1 Flow Sensor Position Verification,,
08:00-09:25,FE-3,Physical Exercise (ARED),,
08:10-08:55,CDR,EXPRESS-3 ARIS Rack Umbilical Mate,,
,,"СО2 Filter Unit (БФ) Replacement. Install No. 139 (00057181R,",,
08:15-08:25,FE-4,"СМ1РО_4_449_1, bag 413-13 (00054823R), pre-pack the",,
,,dismantled unit for disposal. Reflect changes in IMS,,
08:25-09:25,"FE-1, FE-4","EVA tool stow, update IMS",,
08:25-09:25,FE-6,Physical Exercise T2,,
08:55-09:15,CDR,EKAM Lens Change,,
09:25-10:10,,ISS Emergency Response OBT. Tagup with specialists (S-band),,
10:10-10:20,,ISS Emergency Response OBT. OBT Crew Conference,,
10:20-11:50,CDR,Physical Exercise (ARED),,
10:20-10:35,FE-6,JRNL - Journal Entry,,
10:20-10:25,FE-2,On MCC Go ISS О2 Repress from ТКГ 418 СрПК section 2 (start),,
10:20-11:50,"FE-1, FE-4",Video Footage for Organization for Economic Co-operation and Development (OECD) Tax Administration Forum / r/g 2170,,
10:20-10:50,FE-3,BCAT - Experiment start,,
10:25-11:25,FE-2,SM Ventilation System Preventive Maintenance. Group А,,
10:45-11:05,FE-6,NANORACK Data Collection,,
11:05-11:20,FE-6,ROBONAUT - Experiment Procedure Review and Video Viewing,,
11:10-11:50,FE-3,CB - Setup,,
11:20-11:30,FE-6,ROBONAUT - Camcorder Setup,,
11:25-11:30,FE-2,ISS О2 Repress from СрПК ТКГ 418 Section 1 (terminate),,
11:30-11:50,FE-2,VIRU. Software Upgrade. Tagup with specialists (S-band),,
11:30-11:50,FE-6,R2 – Panel Installation,,
11:50-12:15,,ISS Emergency Drill Conference  (S-band),,
12:15-13:15,FE-6,Robonaut Hardware Assembly,,
12:15-13:15,FE-1,Physical Exercise (ARED),,
12:15-13:15,FE-4,"Physical Exercise (TVIS), Day 1",,
12:15-13:15,FE-2,"Physical Exercise (VELO), Day 3",,
12:35-13:05,FE-3,Ultrasound 2 Setup,,
12:35-12:50,CDR,Private Medical Conference,,
12:50-13:05,CDR,Private Psychological Conference,,
13:05-13:15,CDR,EKAM Battery Swap,,
13:05-13:15,FE-3,Ultrasound - Scanning Prep,,
13:15-13:55,FE-3,Ultrasound 2 Scan Ops - Subject,,
13:15-13:55,CDR,Ultrasound 2 Scan Ops - CMO,,
13:15-14:15,"FE-1, FE-4",LUNCH,,
13:15-13:20,FE-6,ROBONAUT- MPC Setup,,
13:20-14:20,FE-6,LUNCH,,
13:35-14:05,FE-2,"MAI-75 Hardware Test.  Tagup with specialists (S-band, VHF)",,
13:55-14:55,CDR,LUNCH,,
13:55-14:00,FE-3,Ultrasound Scanning,,
14:00-15:00,FE-3,LUNCH,,
14:05-14:50,FE-2,LUNCH,,
,,"Removal of ТГК 418 (DC1) Docking Mechanism, Installation of hatch",,
14:15-15:35,FE-4,"tool (СО1_14_ВПС4, case (005501R)) on the front of the hatch.",,
,,Reflect changes in IMS,,
14:15-15:15,FE-1,"ТКГ 418 (DC1) docking mechanism removal, installation of two hatch tools on the front side",,
14:20-14:50,FE-6,Robonaut Power Up,,
14:50-15:50,FE-2,"MAI-75 Hardware Test. Tagup with specialists (S-band, VHF)",,
15:00-15:10,FE-3,Ultrasound Data Transfer,,
15:10-15:20,FE-3,BCAT3 Camera Checkout,,
,,Filling EDV (KOV) lid 1000 for Elektron from ТКГ 418 БВ2,,
15:15-15:55,FE-1,Perform separation using backup EDV (KOV) lid 1013 when,,
,,necessary,,
15:30-15:35,FE-3,PROK Kit Prep,,
15:35-16:50,FE-4,Study of veins in lower extremities,,
15:50-16:40,FE-3,Clean Bench (CB) Functional Check,,
15:55-16:35,FE-1,СОЖ Maintenance,,
16:00-17:00,CDR,Physical Exercise T2,,
16:00-17:30,FE-2,"Physical Exercise (TVIS), Day 3",,
16:10-16:25,FE-6,Private Psychological Conference,,
16:30-16:45,FE-6,Private Medical Conference,,
16:35-17:35,FE-1,Photography of FGB Interior panels in Hygiene Ops Area,,
16:45-17:00,FE-6,Ultrasound 2 Scan Ops - Subject,,
17:00-18:30,FE-4,"Physical Exercise (TVIS), Day 1",,
17:00-17:10,FE-6,Ultrasound Data Transfer,,
17:00-18:00,FE-3,Physical Exercise T 2,,
17:10-17:25,FE-6,Ultrasound - Stowage,,
17:25-17:45,CDR,Thermolab - Instrumentation Ops for Circadian Rhythms,,
17:30-17:55,FE-2,Collecting SM and FGB Air Samples Using АК-1М Sampler,,
17:45-19:15,FE-6,Physical Exercise (ARED),,
17:55-18:05,FE-2,SM Air Sampling for CO using ИПД Samplers,,
18:00-19:30,FE-1,"Physical Exercise (TVIS), Day 4",,
18:00-18:15,FE-3,Private Medical Conference,,
18:05-18:15,FE-2,VIRU. Battery Charge (start),,
18:10-19:30,CDR,IFM - СНТ Test,,
18:30-19:05,FE-4,Evening Work Prep,,
18:45-19:30,FE-2,Evening Work Prep,,
19:00-19:30,FE-3,Evening Work Prep,,
19:05-19:30,FE-4,Pre-sleep,,
19:15-19:30,FE-3,Private Psychological Conference,,
19:15-19:25,FE-6,Robonaut Power Down,,
19:25-19:30,FE-6,ROBONAUT - Camcorder Configuration,,
19:30-19:55,.,Daily Planning Conference (S-band),,
19:55-21:15,CDR,Pre-sleep,,
19:55-21:30,"FE-1, FE-2, FE-4",Pre-sleep,,
19:55-21:10,FE-3,Pre-sleep,,
19:55-21:25,FE-6,Pre-sleep,,
21:10-21:15,FE-3,BCAT Reminder,,
21:15-21:20,CDR,BCAT Reminder,,
21:15-21:20,FE-3,REMINDER - Review,,
