0,1,2,3,6,10
TIME,CREW,,,,
06:00-06:10,CDR,Morning Inspection,,,
,,Morning Inspection.,,,
06:00-06:10,FE-2,"RSS1, RSS2 Reboot. БРИTemperature Check / r/g 1009Visual Inspection of Circuit Breakers [АЗС] on DC Power Switch Panel (БВП) and Fuses on",,,
,,"MRM2 Fuse Boxes БПП-30, БПП-36",,,
06:00-06:10,FE-1,"Morning Inspection.  Reboot Laptop RS2(1) Check БПП-4, БПП-7 Fuses in MRM1",,,
06:10-06:40,.,Post-sleep,,,
06:40-07:30,"CDR, FE-2",BREAKFAST,,,
06:40-07:30,FE-1,BREAKFAST. SM ПСС (Caution & Warning Panel) Test (after breakfast),,,
08:40-10:40,FE-2,Weekly Housekeeping,,,
,,"SM Ventilation Subsystem Preventive Maintenance, Group E",,,
07:30-10:30,FE-1,FGB ЦВ2 Fan Cleaning,,,
,,Inspection of Air Conditioner,,,
07:30-10:25,CDR,Weekly Housekeeping,,,
08:00-08:40,FE-2,24-hour ECG (termination),,,
10:40-11:40,FE-2,"Physical Exercise (VELO), Day 3",,,
10:25-11:25,CDR,Physical Exercise (CEVIS),,,
11:25-12:55,CDR,Physical Exercise (ARED),,,
11:40-12:55,FE-1,"Physical Exercise (TVIS), Day 4",,,
12:00-12:15,FE-2,"Private Family Conference (Ku + S-band, S/G2, S/G1 – b/u)",,,
12:30-12:50,FE-2,Weekly Housekeeping. Cleaning SM and FGB Potok-150MK Air Purification System Pre-filters,,,
12:55-13:25,,Weekly Planning Conference (S-band),,,
13:25-14:25,,LUNCH,,,
14:30-14:40,CDR,CIR Alignment Guide Installation,,,
14:30-14:45,"FE-1, FE-2",Telephone Conference with Russian Space Magazine Editor (S-band),,,
14:40-15:20,CDR,CIR Hardware Return,,,
15:00-15:10,FE-1,LCS. Activate RSE-LCS laptop to start data recording,,,
15:20-15:25,CDR,CGBA Status Check,,,
15:25-15:35,CDR,Food Frequency Questionnaire,,,
15:40-16:20,FE-1,СОЖ Maintenance,,,
16:30-18:00,FE-2,"Physical Exercise (TVIS), Day 3",,,
17:30-18:45,FE-1,Physical Exercise (ARED),,,
19:30-21:30,"CDR, FE-2",Pre-sleep,,,
19:30-20:00,FE-1,Pre-sleep,,,
20:00-20:30,FE-1,LCS. Copying data from RSE-LCS laptop to RSS2 and data downlink,,,
20:30-21:30,FE-1,Pre-sleep,,,
21:30-06:00,,SLEEP,,,
Task List,"FE-1, FE-2",Preparation of reports for Roskosmos site,,,
TIME,CREW,,,,
06:00-06:05,CDR,Reaction Self Test,,,
06:00-06:10,FE-2,"Morning Inspection. RSS1, RSS2 Reboot",,,
,,Morning Inspection.,,,
06:00-06:10,FE-1,Visual Inspection of Circuit Breakers [АЗС] on DC Power Switch Panel,,,
,,"(БВП) and Fuses on Fuse Boxes 30, 36 Reboot Laptop RS2(1)",,,
06:05-06:10,CDR,Morning Inspection,,,
06:10-06:40,,Post-sleep,,,
06:40-07:30,"FE-2, CDR",BREAKFAST,,,
06:40-07:30,FE-1,BREAKFAST.  SM ПСС (Caution & Warning Pane)] Test (after breakfast),,,
07:30-10:30,FE-1,Weekly Housekeeping,,,
,,"SM Ventilation Subsystem Preventive Maintenance, Group E",,,
07:30-10:10,FE-2,FGB ЦВ2 Fan Cleaning,,,
,,Inspection of Air Conditioner,,,
07:30-10:30,CDR,Weekly Housekeeping,,,
10:30-11:30,FE-2,"Physical Exercise (VELO), Day 1",,,
10:30-10:35,CDR,CGBA Status Check,,,
10:40-11:40,CDR,Physical Exercise (TVIS),,,
11:30-11:45,FE-2,"Private Family Conference (S + Ku-band, S/G2, S/G1- backup)",,,
11:40-12:55,FE-1,"Physical Exercise (TVIS), Day 2",,,
11:40-13:10,CDR,Physical Exercise (ARED),,,
12:30-12:50,FE-2,Weekly Housekeeping  Cleaning SM and FGB Potok-150MK Air Purification System Pre-filters,,,
13:10-13:40,,Weekly Planning Conference (S-band),,,
13:40-14:40,,LUNCH,,,
14:40-14:50,CDR,Food Frequency Questionnaire,,,
14:50-15:05,CDR,Journal Entry (CDR),,,
14:50-15:05,FE-1,Private Psychological Conference (VHF),,,
15:05-15:45,FE-1,СОЖ Maintenance,,,
16:25-16:40,FE-2,Private Psychological Conference (VHF),,,
16:40-18:10,FE-2,"Physical Exercise (TVIS), Day 1",,,
17:30-18:45,FE-1,Physical Exercise (ARED),,,
19:30-21:25,CDR,Pre-sleep,,,
19:30-21:30,"FE-1, FE-2",Pre-sleep,,,
21:25-21:30,CDR,Reaction Self Test,,,
21:30-06:00,,SLEEP,,,
,,ECON-M. Observations and photography,,,
Task List,"FE-1, FE-2",SEINER Ocean Observations,,,
,,URAGAN Observations and Photography,,,
15:45-15:50,CDR,Oxygen Supply System Reconfig to Initial,,,
15:50-15:55,CDR,P/L Playback Start,,,
15:55-16:55,CDR,CQMK (Crew Quarters Battery) Replacement in CQ,,,
,,Video recording  of Greetings to the veterans of Combat,,,
16:00-16:30,"FE-1, FE-2","Brotherhood, 90th Anniversary greetings to Lyubertsy Y. A. Gagarin",,,
,,Polytechnic school,,,
16:30-17:40,FE-2,"Physical Exercise (TVIS), Day 2",,,
16:50-17:40,FE-1,Evening Work Prep,,,
17:00-17:10,CDR,CWC Audit,,,
17:10-17:35,CDR,Potable Water Dispenser (PWD) Beverage Adapter Cleaning,,,
17:35-18:25,CDR,Recycle Tank R&R,,,
17:40-19:10,FE-1,"Physical Exercise (TVIS), Day 3",,,
17:40-18:10,FE-2,SEINER Ocean Observations,,,
18:30-19:15,FE-2,Evening Work Prep,,,
18:25-18:55,CDR,Evening Work Prep,,,
,,WHC Configuration to Transfer Urine directly to UPA after Recycle,,,
18:55-19:00,CDR,,,,
,,Tank R&R,,,
19:00-19:10,CDR,LAN JSL - Loading Node2 Router,,,
19:10-19:15,CDR,Payload Playback Stop,,,
19:15-19:30,,Daily Planning Conference (S-band),,,
19:30-19:35,CDR,P/TV Playback Start,,,
19:30-21:30,"FE-1, FE-2",Pre-sleep,,,
19:35-19:55,CDR,Pre-sleep,,,
19:55-20:15,CDR,ISS-HAM Radio Session from SM,,,
20:15-21:25,CDR,Pre-sleep,,,
21:25-21:30,CDR,P/TV Playback Stop,,,
21:30-06:00,,SLEEP,,,
,FE-2,Noise Level Data Downlink,,,
,FE-1,IMS Update,,,
Task List,,Preparation of reports for Roskosmos site,,,
,"FE-1, FE-2",ECON-M. Observations and Photography,,,
,,URAGAN Observations and Photography,,,
GMT,Crew,,,,
06:00-06:30,CDR,Blood draw - subject,,,
06:00-06:10,FE-1,Morning Inspection.  SM ПСС (Caution & Warning Panel) Test,,,
,,Morning Inspection.,,,
06:00-06:10,FE-2,Reboot Laptop RS2(1) Inspect СМ-У connector on МНР-НС behind panel 139,,,
,,in АСУ,,,
06:00-06:10,FE-4,"Morning Inspection Reboot RSS1, RSS2, БРИ Temperature Check",,,
06:00-06:10,"FE-5,FE-6",Morning Inspection.,,,
06:10-06:40,"FE-1,FE-2, FE-4,FE-5",Post-sleep,,,
06:10-06:25,FE-6,Blood draw - assist,,,
06:25-06:55,FE-6,Post-sleep,,,
06:30-06:40,CDR,Morning Inspection.,,,
06:40-06:50,CDR,Thermostat centrifuge config for blood sample placement,,,
06:40-07:30,"FE-1,FE-2, FE-4,FE-5",BREAKFAST,,,
06:50-07:20,CDR,Post-sleep,,,
06:55-07:40,FE-6,BREAKFAST,,,
07:20-07:25,CDR,Removal of vials with blood samples and deactivation of centrifuge,,,
07:25-07:35,CDR,Blood sample placement in MELFI,,,
07:30-07:40,"FE-1,FE-2, FE-4,FE-5",Work prep,,,
07:40-08:05,.,Daily Planning Conference (S-band),,,
08:05-08:45,CDR,BREAKFAST,,,
08:05-08:15,"FE-1,FE-4",Work prep,,,
08:05-10:00,FE-2,Replacement of elastic belts on МRМ1 interior panels,,,
08:05-08:10,FE-5,Video equipment setup for PFE recording,,,
08:05-08:25,FE-6,Work prep,,,
08:10-09:40,FE-5,Periodic Fitness Evaluation – nominal ops (subject),,,
08:15-10:15,FE-1,Check functionality of  soft tank 17К 10804А5-0 #8,,,
08:30-10:00,FE-4,Cleaning grid ВТ-7 on ГЖТ4,,,
08:30-09:10,FE-6,USND2- HW check and camera installation on rack,,,
08:45-09:15,CDR,Periodic Fitness Evaluation – nominal ops (assist),,,
09:10-09:40,FE-6,Prep for cardio-vascular system scan,,,
09:15-09:35,CDR,Work prep,,,
09:35-09:50,CDR,HRF – stow blood collection and processing equipment,,,
09:40-09:45,FE-5,Stow video equipment for PFE recording,,,
09:40-10:40,FE-6,ICV – ECHO installation,,,
09:45-10:35,FE-5,ICV – ECHO scan assist,,,
10:00-10:30,FE-2,SEYNER. Ocean research,,,
10:00-10:30,FE-4,SEYNER. Video recording of experiment ops,,,
10:15-11:30,FE-1,Physical Exercise  (ARED),,,
10:30-11:30,CDR,Physical Exercise T2,,,
10:30-10:40,FE-2,Video equipment setup for recording PW on TVIS,,,
10:30-11:30,FE-4,Physical Exercise (VELO) – Day  3,,,
10:35-10:45,FE-5,MSG-  visual inspection,,,
10:40-12:10,FE-2,Physical Exercise (TVIS) - Day 3,,,
10:40-10:50,FE-6,Ultrasound 2 – data transfer,,,
10:50-11:35,FE-6,VI – imagery scan,,,
11:15-12:20,FE-5,INSP3-  prep ops and activation,,,
11:30-13:00,CDR,Physical Exercise  (ARED),,,
11:30-11:50,FE-4,IMS ops,,,
11:35-11:50,FE-6,"USND2-  power off,  teardown and stow",,,
11:40-12:20,FE-1,VIZIR. Experiment ops,,,
11:50-12:50,FE-6,Crew time for adaptation and familiarization with ISS,,,
11:50-13:00,FE-4,,,,
,,Symbolic activity,,,
12:20-13:00,"FE-2,FE-1",,,,
12:55-13:55,"FE-6,FE-5",LUNCH,,,
13:00-14:00,"CDR,FE-1, FE-2,FE-4",LUNCH,,,
14:00-15:00,"FE-1,FE-4",Handover,,,
14:00-16:05,FE-2,Replacement of elastic belts on МRМ1 interior panels,,,
14:00-14:30,FE-5,INSP3-  closeout ops,,,
14:00-14:05,FE-6,Makita battery charge,,,
14:10-14:25,CDR,CFE – action sequence check,,,
14:25-16:15,CDR,CFE - setup,,,
14:30-15:35,FE-5,INSP3-  prep and activation,,,
14:30-14:45,FE-6,INSP3-  photography,,,
14:45-16:05,FE-6,Hygiene compartment – urine receptacle and insert R&R,,,
15:00-15:20,FE-1,Tightening screw QDs on  Progress #417,,,
15:00-16:00,FE-4,Crew time for adaptation and familiarization with ISS,,,
15:30-15:35,FE-1,Check video equipment setup for recording PW on TVIS,,,
15:35-16:50,FE-1,Physical Exercise (TVIS) - Day 4,,,
15:35-17:05,FE-5,Physical Exercise  (ARED),,,
,"FE-2,",,,,
16:05-16:45,FE-4,ТО СОЖ,,,
,handover,,,,
16:10-16:15,FE-6,Makita battery charge,,,
16:15-18:35,CDR,CFE - VG2 test,,,
16:20-17:20,FE-6,Physical Exercise T2,,,
16:50-17:15,FE-1,CMO skills refresh,,,
16:50-17:50,FE-2,Physical Exercise (VELO) – Day  3,,,
10:30,,,,,
09:20-,,,,,
10:20,FE-1,Coulomb Krystall. Experiment run. Tagup with specialists (S-band),,,
10:20-,,,,,
10:25,FE-1,Comm reconfig in МRМ2,,,
10:25-,,,,,
10:55,FE-1,Coulomb Krystall. File prep for downlink via РСПИ,,,
10:30-,,,,,
11:45,FE-2,PHYSICAL EXERCISE TVIS - 2,,,
10:55-,,,,,
11:20,FE-1,CMO skills refresh,,,
11:45-,,,,,
12:35,FE-2,Pille Dosimeter measurements,,,
11:50-,,,,,
12:50,FE-1,PHYSICAL EXERCISE VELO - 3,,,
12:50-,,,,,
13:50,"FE-1,FE-2",LUNCH,,,
13:15-,,,,,
13:30,CDR,EHS - AQM start,,,
13:30-,,,,,
14:30,CDR,LUNCH,,,
13:50-,,,,,
14:30,FE-2,СОЖ Maintenance,,,
14:00-,,,,,
14:10,FE-1,SLS. RSE-LCS laptop activation to start data recording,,,
14:10-,,,,,
14:25,FE-1,Gather physical exercise equipment for the arriving crew,,,
14:25-,,,,,
16:10,FE-1,Progress 417 unload and IMS update,,,
14:30-,,,,,
15:10,FE-2,IDENTIFIKATSIA. Copying ИМУ-Ц measurment data onto a laptop,,,
14:45-,,,,,
15:20,CDR,T2 - montly inspection,,,
15:10-,,,,,
15:25,FE-2,PMC (Ku+S-band),,,
15:20-,,,,,
15:30,CDR,ISTAR monitoring end  on modified T2,,,
15:25-,,,,,
16:40,FE-2,PHYSICAL EXERCISE ARED,,,
15:30-,,,,,
15:35,CDR,Т2 - monthly inspection,,,
15:35-,,,,,
15:40,CDR,ISTAR monitoring end  on modified T2,,,
15:40-,,,,,
16:40,CDR,PHYSICAL EXERCISE T2,,,
16:10-,FE-1,PHYSICAL EXERCISE TVIS - 3,,,
"ACTIVITYReaction Self TestMorning Inspection.RSS1, RSS2 RebootSM ПСС (Caution & Warning Panel) TestMorning Inspection.",,,,,
"Reboot Laptop RS2(1)Morning InspectionPost-sleepBREAKFASTBREAKFASTPrivate conference with physical exercise specialist (S-band)Daily Planning Conference (S-band)Work PrepWork PrepPrivate conference with physical exercise specialist (S-band)Preparing of panel backspace for installation new fanCleaning Ventilation Screens on FGB Interior Panels 116, 316, 231,",,,,,
,31LATE-PL – Viewing OBT Materialsnstallation of Low Noise Fans Instead of ВПО8 and ВПО9 and Noise,,,,
Level Measurements. Tagup with specialists as necessary (S-band)Periodic Fitness Evaluation Nom Ops,,,,,
"Physical Exercise (ARED)Cleaning ventilation grilles on FGB interior panels (panels 201, 301,",,,,,
,01)nstallation of Low Noise Fans Instead of ВПрК and Noise Level,,,,
"Measurements. Tagup with specialists as necessary (S-band)Physical Exercise (TVIS), Day 2Physical Exercise (VELO), Day 1GFI annual test of COLUMBUS SUPs 120V DC power outletsPLATE - File Transfer to Laptop and Locker InstallationСОЖ MaintenancePLATE - History Documentation PhotoLUNCHCrew Prep for PAOPAO Hardware Setup2015 Year-Long Mission ISS Crew Greetings (S-band, Ku-band)NANORACK - Microscope Setup on the Rack",,,,,
TIME,CREW,,,,
,,Morning Inspection.,,,
06:00-06:10,FE-1,,,,
,,Reboot Laptop RS2(1),,,
06:00-06:10,CDR,Morning Inspection,,,
,,Morning Inspection.,,,
06:00-06:10,FE-2,"RSS1, RSS2 Reboot",,,
,,SM ПСС (Caution & Warning Panel) Test,,,
06:10-06:40,,Post-sleep,,,
06:40-07:30,,BREAKFAST,,,
07:30-07:40,FE-1,ВКС Laptops Antivirus Software Checkout and Report to MCC,,,
07:30-07:40,"CDR, FE-2",Work Prep,,,
07:40-07:55,,Daily Planning Conference (S-band),,,
07:55-08:05,,Work Prep,,,
08:05-09:45,FE-2,Photography of IWIS Accelerometer in FGB,,,
,,Installation and Mating of Patch cable for PL.  Tagup with specialists (S-,,,
08:05-09:35,FE-1,,,,
,,band),,,
08:05-08:25,CDR,MOST - Water Sampling,,,
08:25-09:00,CDR,MOST - Water Quality Measurement,,,
09:10-09:30,CDR,NANORACK - Experiment Procedure Review,,,
,,"Replacing filters in FGB dust collectors ПС1, ПС2 (ФГБ1ПГО_2_226_1",,,
09:35-10:25,FE-1,,,,
,,"bag 407-23, (00050997R). Reflect changes in IMS)",,,
09:45-11:15,CDR,Physical Exercise (ARED),,,
09:45-10:15,FE-2,Photography of IWIS Accelerometer in FGB,,,
10:15-11:30,FE-2,"Physical Exercise (TVIS), Day 4",,,
10:35-11:05,FE-1,Channel О2 0501 sensor adjustment (Uout = 2.9 V),,,
11:05-12:05,FE-1,"Physical Exercise (VELO), Day 1",,,
11:15-11:25,CDR,CIR Camcorder Install,,,
11:25-11:40,CDR,Combustion Integrated Rack (CIR) Rack Door and Temperature Check,,,
11:40-12:15,CDR,CIR - Hardware Removal and Relocation,,,
11:40-12:20,FE-2,Filling (separation) EDV (KOV) #100 for Elektron System from CWC,,,
12:15-12:30,CDR,CIR Rack Doors Close,,,
12:20-13:00,FE-2,СОЖ Maintenance,,,
12:30-12:55,CDR,Potable Water Dispenser (PWD) Beverage Adapter Cleaning,,,
13:00-14:00,,LUNCH,,,
14:00-14:05,FE-1,MRM2 Comm Config,,,
14:00-16:45,CDR,FSL Optical Target FSL TGT – Transfer and Stowage in Container,,,
14:05-15:05,FE-1,Kulonovskiy Kristall Experiment. Tagup with specialists (S-band),,,
14:15-14:35,FE-2,Kulonovskiy Kristall Experiment Photography,,,
,,Installation of Low Noise Fans Instead of ВПО7 and ВГЖТ2 and Noise,,,
14:35-17:05,FE-2,,,,
,,Level Measurements. Tagup with specialists (S-band),,,
GMT,Crew,,,,
06:00-06:10,CDR,Morning inspection,,,
06:00-06:10,FE-1,Morning inspection. SM [ПСС] Caution & Warning Panel Test,,,
,,Morning inspection.,,,
06:00-06:10,FE-2,"Reboot Laptop RS2(1) Reload Laptops RSS1, RSS2 Temperature check on БРИ",,,
,,smart switch router,,,
06:10-06:40,,Post-sleep,,,
06:40-07:30,,BREAKFAST,,,
07:30-07:50,"FE-1,FE-2",Work prep,,,
07:30-07:40,CDR,Work prep,,,
07:40-07:55,CDR,IPU-VRU3 - troubleshooting,,,
07:55-08:10,,Daily planning conference (S-band),,,
08:10-09:10,CDR,Physical Exercise (CEVIS),,,
08:30-09:20,"FE-1, FE-2 assist",Cardiovascular stress test on VELO. Conference with ground specialists (S-band),,,
09:10-10:40,CDR,Physical Exercise (ARED),,,
09:20-10:10,"FE-2, FE-1 assist",Cardiovascular stress test on VELO. Conference with ground specialists (S-band),,,
10:10-12:00,FE-2,Visual inspection and photography of SM windows Nos. 1 and 12,,,
10:10-10:30,FE-1,Switching of Regul-Packet to Regul-OS second set,,,
10:30-11:50,FE-1,Russian Segment inventory audit,,,
10:40-11:00,CDR,RGN – water flow to EDV – start,,,
11:05-11:20,CDR,Robonaut – procedure review,,,
11:20-11:35,CDR,RGN – water flow to EDV - end,,,
11:35-11:45,CDR,Robonaut in Node 2: camcorder activation,,,
11:45-11:50,CDR,Real-time starboard view of LAB forward IMV diffuser,,,
11:50-13:00,FE-1,Physical Exercise (TVIS-4),,,
11:50-12:20,CDR,Robonaut: power up,,,
12:00-13:00,FE-2,Physical Exercise (VELO-3),,,
12:25-12:30,CDR,Stow ECLSS drain hardware for regeneration system,,,
12:30-12:50,CDR,CWC-I transfer,,,
12:50-13:00,CDR,WRS – water sample analysis,,,
13:00-14:00,,LUNCH,,,
14:00-14:05,FE-1,MRM2 voice comm config for experiment support,,,
14:00-14:30,CDR,FSL-SAMS dismounting,,,
14:05-15:05,FE-1,COULOMB CRYSTAL: experiment run. Conference with ground specialists (S-band),,,
14:05-15:05,FE-2,COULOMB CRYSTAL: video shooting during experiment,,,
14:30-14:40,CDR,UBNT transfer general data,,,
14:40-14:50,CDR,UBNT transfer initial data,,,
14:50-15:00,CDR,UBNT session download,,,
15:00-15:35,CDR,Water Recovery System sample collection,,,
GMT,Crew,,,,
06:00-06:10,"CDR,FE- 5,БИ-6",Morning Inspection,,,
,,Morning Inspection.,,,
06:00-06:10,FE-1,,,,
,,SM ПСС (C&W Panel) Test,,,
,,Morning Inspection.,,,
06:00-06:10,FE-2,,,,
,,Reboot Laptop RS2(1),,,
,,Morning Inspection,,,
06:00-06:10,FE-4,,,,
,,"Reboot RSS1, RSS2, БРИ Temperature Check",,,
06:10-06:40,"CDR,FE-5,FE-6",Post-sleep,,,
,"FE-1,FE-2,",,,,
06:10-06:20,,HEMATOCRIT. Hematocrit number definition,,,
,FE-4,,,,
06:20-06:50,"FE-1,FE-4",Post-sleep,,,
06:20-06:25,FE-2,HEMATOCRIT. Hardware stow,,,
06:25-06:35,FE-2,Equipment prep for PAO,,,
06:35-06:50,FE-2,Post-sleep,,,
06:40-07:35,"CDR,FE-5",BREAKFAST,,,
06:40-07:30,FE-6,BREAKFAST,,,
,"FE-1,FE-2,",,,,
06:50-07:25,,BREAKFAST,,,
,FE-4,,,,
,"FE-1,FE-2,",,,,
07:25-07:35,,Crew Prep for PAO,,,
,FE-4,,,,
07:30-07:35,FE-6,Charge unit restoration,,,
07:35-08:00,.,Daily Planning Conference (S-band),,,
08:00-08:20,.,PAO with Russian Santa Frost (Ku+S-band),,,
08:20-08:30,"CDR,FE-5",Work Prep,,,
,,MATRESHKA-R. Babble-dosimeter A10 preparation and initialization.  Tagup,,,
08:20-08:50,FE-1,,,,
,,with specialist (S-band),,,
08:20-08:45,FE-6,Crew time for adaptation and familiarization with ISS,,,
,,"Filter Block R&R  (БФ) СО2 ИК0501. Install #136 (00057178R,",,,
,FE-2,,,,
08:25-08:35,,"СМ1РО_4_449_1, bag 413-13 (00054823R)). Removed – for disposal on",,,
,FE-4(handover),,,,
,,Progress #416,,,
08:30-08:40,CDR,MSG-  visual inspection,,,
,,"Participation in DETECTORS A10 initialization, detector receiving and",,,
08:30-09:15,FE-5,,,,
,,"placement for exposure on USOS, photography",,,
08:35-09:15,FE-2,ВИЗИР. Проведение эксперимента,,,
08:35-09:05,FE-4,Daily BP registration (start),,,
08:40-10:10,CDR,Physical Exercise ARED,,,
08:50-08:55,FE-1,MATRESHKA-R.  BABBLE-dosimeter  transfer to USOS,,,
,,MATRESHKA-R.  BABBLE-dosimeter А09 initialization and placement for,,,
08:55-09:40,FE-1,,,,
,,exposure.  Tagup with specialist. (S-band),,,
09:00-09:05,FE-6,Charge unit restoration,,,
09:05-09:30,FE-6,Crew time for adaptation and familiarization with ISS,,,
09:10-10:10,FE-4,E-NOSE. Equipment check and testing.  Tagup with specialist. (S-band),,,
09:15-09:45,FE-2,E-NOSE. Photography and video recording,,,
09:15-09:35,FE-5,NES- installation and activation,,,
09:30-09:35,FE-6,Charge unit restoration,,,
09:35-10:35,"FE-5,FE-6",NES - installation assit,,,
09:40-11:30,FE-1,RSOS hardware and tool audit. Tagup with specialist if needed. (S-band),,,
09:45-10:45,FE-2,Physical Exercise VELO – Day 3,,,
10:10-11:05,CDR,INSP3- activation,,,
10:15-10:45,FE-4,Crew time for adaptation and familiarization with ISS,,,
10:35-10:45,"FE-5,FE-6",NES- photography during installation,,,
10:45-11:45,FE-4,Physical Exercise VELO – Day 3,,,
10:45-12:00,FE-5,NES - Experiment ops,,,
10:45-10:50,FE-6,Charge unit restoration,,,
11:05-12:05,CDR,Physical Exercise T2,,,
11:15-11:20,FE-6,Charge unit restoration,,,
11:20-11:45,FE-2,Audiogram recording with EARQ SW,,,
11:20-12:50,FE-6,Physical Exercise ARED,,,
11:30-12:45,FE-1,Physical Exercise TVIS - Day 4,,,
11:45-13:10,"FE-2,FE-4",GREAT BEGINNING. Review report scenario.  Tagup with specialist. (S-band),,,
12:00-12:10,FE-5,NES - equipment stow,,,
12:10-12:20,FE-5,NES – questionnaire,,,
12:20-13:20,FE-5,Physical Exercise CEVIS,,,
12:45-13:10,FE-1,Audiogram recording with EARQ SW,,,
12:45-13:10,CDR,INSP3- closeout ops,,,
12:50-12:55,FE-6,Charge unit restoration,,,
13:10-13:20,FE-6,LEGOBRICK - camera install,,,
13:10-13:20,CDR,MSG – power off,,,
,"FE-1,FE-2,",,,,
13:10-14:10,,LUNCH,,,
,FE-4,,,,
13:20-14:20,"CDR,FE-5",LUNCH,,,
13:20-13:25,FE-6,Charge unit restoration,,,
13:25-14:20,FE-6,LUNCH,,,
,,Elastic belt R&R on МRМ1 interior panels Tagup with specialist if needed. (S-,,,
14:10-16:10,FE-2,,,,
,,band),,,
14:15-14:45,FE-1,СОЖ maintenance,,,
,"CDR,FE-4,",OBT – familiarization with ISS emergency response equipment. Tagup with,,,
14:20-16:25,,,,,
,"FE-5,FE-6",specialist. (S-band),,,
14:45-15:05,FE-1,IMS ops,,,
15:05-16:20,FE-1,Physical Exercise ARED,,,
16:10-17:40,FE-2,Physical Exercise TVIS - Day 3,,,
16:20-16:25,FE-1,Comm. config for a conference from МRМ2,,,
16:25-17:25,FE-1,KULONOVSKYI KRISTALL. Experiment ops. Tagup with specialist. (S-band),,,
,"CDR,FE-4,",OBT – familiarization with ISS emergency response equipment - conference.,,,
16:25-16:35,,,,,
,"FE-5,FE-6",Tagup with specialist. (S-band),,,
16:35-17:35,CDR,LEGOBRICK- experiment ops with LEGO,,,
GMT Crew,,,,,
,,,,,
06:00-06:10 FE-2,,,,,
,"Перезагрузка RSS1, RSS2",,,,
06:00-06:10 CDR,Morning inspection,,,,
,Morning nspection,,,,
06:00-06:10 FE-1,,,,,
,Laptop RS2(1) reboot,,,,
06:10-06:40,Post-sleep,,,,
,Breakfast,,,,
06:40-07:30 FE-2,,,,,
,ПСС panel testing in SM (after breakfast),,,,
"06:40-07:30 CDR,FE-1",Breakfast,,,,
,Weekly houskeeping,,,,
,SM fans (group E) preventive maintenance,,,,
07:30-10:30 FE-1,FGB fan ЦВ2 cleaning,,,,
,СКВ inspection,,,,
,БМП fan grille cleaning,,,,
07:30-10:30 CDR,Weekly housekeeping,,,,
07:30-10:30 FE-2,Weekly housekeeping,,,,
10:30-10:35 CDR,CGBA - status check,,,,
10:35-10:45 CDR,CIR guides installation,,,,
10:40-10:55 FE-2,"PFC (Ku+S-band, S/G2, S/G1-backup)",,,,
11:00-12:00 CDR,PE T2,,,,
11:00-12:00 FE-1,PE Velo-1,,,,
11:25-12:40 FE-2,PE TVIS-4,,,,
12:00-12:15 CDR,ARED – flywheel cylinder removal,,,,
12:10-12:20 FE-1,Soyuz VHF2 check via Groundstation #33 Tagup (УКВ),,,,
12:15-13:45 CDR,PE ARED,,,,
13:45-14:15,Weekly Planning conference (S-band),,,,
14:15-15:15,Midday meal,,,,
15:15-15:25 CDR,Food Questionaire,,,,
,СОЖ Maintenance. Check presence of dry wipes packs Хт4.160.603-02,,,,
15:15-15:55 FE-2,"(СО1, CTB No1341 (CTB00007J), bag 416-17 (00059124R). Report to MCC-",,,,
,M the quantity of packs,,,,
15:25-15:35 FE-1,SM VHF1 check via Groundstation #33 Tagup (УКВ),,,,
15:55-16:05 FE-1,РАО hw preparation,,,,
"16:05-16:15 FE-1,FE-2 РАО crew preparation",,,,,
,TV Б-Ц Video-greeting for Defence Ministry Counsel of partner states; Video-,,,,
"16:15-16:30 FE-1,FE-2",greeting for runner-ups and winners of National Competition “The Musical,,,,
,Heart of Theater” (Ku+S-band),,,,
17:00-17:10 FE-1,SM VHF2 check via Groundstation #33 Tagup (УКВ),,,,
18:00-19:15 FE-2,PE ARED,,,,
18:00-19:30 FE-1,PE TVIS-1,,,,
19:15-19:30 CDR,Commander fills questionaire,,,,
19:30-21:30,Pre-sleep,,,,
21:30-06:00,Sleep,,,,
,EKON-М. Observation and photo,,,,
,URAGAN. Observation and photo,,,,
"Task List FE-1,FE-2",SEYNER. World ocean study,,,,
,SКК. Cartridge photo,,,,
,"Recording New Year best-wishes for “Time to Fly in Space” program, TV-",,,,
,channel “Karusel”.,,,,
TIME,CREW,,,,
06:00-06:10,CDR,Morning Inspection,,,
06:00-06:10,FE-1,"Morning Inspection. Reboot Laptop RS2(1) RSS1, RSS2 Reload. БРИ Temperature Check",,,
06:00-06:10,FE-2,Morning Inspection. SM ПСС (Caution & Warning Panel) Test,,,
06:10-06:40,,Post-sleep,,,
06:40-07:30,,BREAKFAST,,,
07:30-07:50,,Work Prep,,,
07:50-08:05,,Daily Planning Conference (S-band),,,
08:05-10:35,"FE-1, FE-2",BAR Experiment. Tagup with specialists (S-band),,,
08:20-08:40,CDR,IV-ТЕРС Transfer,,,
08:40-09:40,CDR,Physical Exercise T2,,,
09:40-11:10,CDR,Physical Exercise (ARED),,,
10:35-11:35,FE-2,В3 Fan Screen Cleaning in DC1,,,
11:10-12:40,FE-1,"Physical Exercise (TVIS), Day 1",,,
11:15-11:25,CDR,CIR. Text Review,,,
11:25-12:00,CDR,CIR. Hardware Assembly,,,
11:35-12:50,FE-2,Physical Exercise (ARED),,,
12:00-12:25,CDR,CIR - Maintenance Work Area Prep,,,
12:25-12:40,CDR,SPHERES – Configure SSC14 to use as DTN Gateway,,,
12:40-13:40,"CDR, FE-1",LUNCH,,,
12:50-13:40,FE-2,LUNCH,,,
13:40-14:00,,32S/33S Crew Handover Conference (S-band),,,
14:00-15:30,CDR,SPHERES Test Setup,,,
14:00-15:00,FE-1,Life On The Station Photo and Video,,,
14:00-14:40,FE-2,Cleaning ВД1 and ВД2 Air Ducts in DC-1,,,
,,"Replacement of filters in DC1 Dust Collector ПФ1, ПФ2",,,
14:40-15:30,FE-2,"(ФГБ1ПГО_2_226_1, Bag 416-29 (00059129R) Update IMS) and В1,",,,
,,В2 Fan Screen Cleaning in DC1,,,
15:10-16:10,FE-1,"Physical Exercise (VELO), Day 1",,,
15:30-18:00,CDR,SPHERES. IVA Inspection,,,
15:30-16:10,FE-2,СОЖ Maintenance,,,
16:10-16:30,FE-1,Flush ТКГ 416 Rodnik Tank БВ2 Connector,,,
16:15-17:30,FE-2,"Physical Exercise (TVIS), Day 4",,,
16:30-18:30,FE-1,Urine Transfer from ЕДВ-У to ТКГ 416 Rodnik БВ1 Tank,,,
17:30-18:10,FE-2,VIZIR. Experiment Ops,,,
18:00-18:20,CDR,SPHERES. Terminating the test:,,,
18:30-19:00,"CDR, FE-2",Evening Work Prep,,,
18:30-19:00,FE-1,VZAIMODEISTVIYE Experiment Ops,,,
TIME,CREW,,,,
06:00-06:05,CDR,Reaction Self Test,,,
06:00-06:30,FE-1,"SPRUT-2 Setup, Body Mass Measurement, And Cleanup",,,
,,Morning Inspection.,,,
06:00-06:10,FE-2,"RSS1, RSS2 Reboot. БРИ Temperature Check / r/g 1009 Inspection of СМ-У connector on МНР-НС separator pump behind АСУ",,,
,,panel 139,,,
06:05-06:10,CDR,Morning Inspection,,,
06:10-06:50,FE-2,Post-sleep,,,
06:10-06:40,CDR,Post-sleep,,,
06:30-07:30,FE-1,SPRUT-2 Experiment Ops,,,
06:40-07:30,CDR,BREAKFAST,,,
06:50-07:10,FE-2,SPRUT-2. Photography of the Experiment,,,
07:10-07:45,FE-2,BREAKFAST,,,
07:30-07:45,CDR,Work Prep,,,
,,Morning Inspection.,,,
07:30-07:45,FE-1,Reboot Laptop RS2(1),,,
,,SM ПСС (Caution & Warning Panel) Test,,,
07:45-08:00,,Daily Planning Conference (S-band),,,
08:00-08:30,FE-1,Post-sleep,,,
08:00-08:10,CDR,Work Prep,,,
08:05-08:35,FE-2,"Preparation for DC1, MRM2, SM Window Inspection and Photography (Procedure and r/g review). Tagup with specialists (S-band)",,,
08:10-08:40,CDR,IMAK Relocation,,,
08:30-09:15,FE-1,BREAKFAST,,,
08:35-10:10,FE-2,"Inspection and Photography of SM, DC1, MRM2 windows",,,
08:40-09:00,CDR,SCOF Cable Connection,,,
09:00-10:00,CDR,Gather NASA cargo for placement in 48P,,,
09:15-09:35,FE-1,Work Prep,,,
09:35-10:05,FE-1,Auxiliary Laptop Anti-Virus Update,,,
10:10-10:50,,,,,
,FE-1,TVIS Monthly Maintenance,,,
10:10-10:15,FE-2 assist,,,,
10:15-11:15,CDR,Physical Exercise (CEVIS),,,
10:15-12:05,FE-2,"Inspect and photograph window panes in SM, DC1, MRM2",,,
10:50-11:40,FE-1,TVIS Stabilizer Bolt R&R,,,
11:15-12:45,CDR,Physical Exercise (ARED),,,
11:40-12:55,FE-1,"Physical Exercise (TVIS), Day 2",,,
12:05-13:05,FE-2,"Physical Exercise (VELO), Day 1",,,
12:45-12:55,CDR,TOCA Waste Water Bag (WWB) Changeout,,,
GMT,CREW,,,,
,"CDR,FE-4,",,,,
10:00-10:10,,Morning Inspection,,,
,"FE-5,FE-6",,,,
,,Morning Inspection,,,
10:00-10:10,FE-1,,,,
,,Reboot Laptop RS2(1),,,
,,Morning Inspection,,,
10:00-10:10,FE-2,,,,
,,"RSS1, RSS2 Reboot. БРИ Temperature Check",,,
10:10-10:40,.,Post-sleep,,,
,,BREAKFAST,,,
10:40-11:30,FE-1,,,,
,,SM ПСС (Caution & Warning Panel) Test,,,
,"CDR,FE-",,,,
10:40-11:30,"2,FE-4,",BREAKFAST,,,
,"FE-5,FE-6",,,,
12:00-12:10,FE-1,LCS. RSE-LCS laptop activation to start recording,,,
,"FE-4,",,,,
12:30-13:00,,Familiarization with PE hardware,,,
,"FE-5,FE-6",,,,
12:35-12:50,FE-2,Private Family Conference (S+Ku-band),,,
13:00-14:00,CDR,Physical Exercise T2,,,
13:00-14:30,FE-1,"Physical Exercise TVIS, day 3",,,
13:00-13:15,"FE-5,FE-6",Review PE T2 procedures,,,
13:15-13:30,FE-4,Review PE TVIS procedures,,,
13:30-14:30,FE-4,"Transfers from Soyuz 704А, IMS update",,,
14:00-15:30,CDR,Physical Exercise ARED,,,
14:00-14:15,"FE-5,FE-6",Review PE ARED procedures,,,
14:15-15:30,FE-2,"Physical Exercise TVIS, day 2",,,
,,Install [ЛКТ] Local Signal Switch (ТА251М1Б) and [ПЗУ] ROM  [БО] Orbital,,,
14:30-15:30,FE-4,Compartment of Soyuz 704А. Install ЛКТ manufacturer # 1417726325 with,,,
,,"ПЗУ manufacturer # 1417726934 (СМ1РО_3_314_1, bag 353-8 (00037141R))",,,
15:30-16:30,,LUNCH,,,
16:30-16:45,FE-5,T2 – familiarization with Glenn harness,,,
16:30-16:40,CDR,Food Questionnaire,,,
16:30-17:10,FE-2,СОЖ Maintenance,,,
16:30-16:35,FE-4,PCMCIA card formatting,,,
16:45-17:00,FE-6,T2 - familiarization with Glenn harness,,,
16:55-17:00,CDR,CWC-1 2006 Leak-check,,,
17:15-17:40,CDR,TRITEL – installation and activation,,,
17:15-17:30,FE-5,Private Medical Conference,,,
17:40-17:45,FE-5,SHD – weekly questionnaire,,,
17:45-18:00,FE-6,Private Medical Conference,,,
18:00-18:30,FE-1,LCS. Data transfer RSE-LCS to RSS2 and downlink,,,
18:00-19:15,FE-2,Physical Exercise  ARED,,,
18:00-18:15,FE-4,Review PE ARED procedures,,,
18:30-19:30,FE-1,"Physical Exercise VELO, day 3",,,
18:45-19:00,FE-4,Private Medical Conference (S+Ku-band),,,
18:45-18:50,FE-6,SHD – daily questionnaire,,,
18:50-19:20,FE-6,JRNL – journal entry,,,
19:15-19:30,CDR,JRNL – journal entry,,,
19:25-19:30,FE-5,CEVIS - USB removal,,,
19:25-19:30,FE-6,CEVIS - USB removal,,,
,"FE-1,FE-2,",,,,
19:30-21:30,"FE-4,FE-5,",Pre-sleep,,,
,FE-6,,,,
19:30-20:10,CDR,Pre-sleep,,,
20:10-20:25,CDR,Private Family Conference,,,
20:25-21:30,CDR,Pre-sleep,,,
21:30-06:00,.,SLEEP,,,
,,Preparing reports for Roscosmos,,,
,,SEINER. Ocean research,,,
Task List,"FE-1,FE-2",,,,
,,URAGAN. Observation and photography,,,
,,ECON-М. Observation and photography,,,
TIME,CREW,,,,
06:00-06:10,CDR,Morning Inspection,,,
,,Morning Inspection.,,,
06:00-06:10,FE-2,"RSS1, RSS2 Reboot",,,
,,SM ПСС (Caution & Warning Panel) Test,,,
,,Morning Inspection.,,,
06:00-06:10,FE-1,,,,
,,Reboot Laptop RS2(1),,,
06:10-06:40,,Post-sleep,,,
06:40-07:30,,BREAKFAST,,,
07:30-07:45,,Daily Planning Conference (S-band),,,
07:45-07:55,,Work Prep,,,
,,ISS Crew and ГОГУ (RSA Flight Control Team Management) Weekly Conference,,,
07:55-08:10,,,,,
,,(S-band),,,
,,Replacement of SM unit 800А module АБ No. 1 Install No.,,,
,,"2394821405(00046611R, ФГБ1ПГО_1_113). Dismantled unit No. 2394261502",,,
08:10-09:40,FE-2,,,,
,,(00050363R) – for disposal on ТКГ 417. Temp stow in ПрК. Reflect changes in,,,
,,IMS,,,
08:10-08:20,CDR,Work Prep,,,
08:10-08:25,FE-1,IMS Tagup (S-band),,,
08:20-08:30,CDR,Glove Box (MSG) Activation,,,
08:25-08:35,FE-1,Work Prep,,,
08:30-08:35,CDR,SHD. Weekly Questionnaire Data Entry,,,
08:35-09:05,CDR,Crew Medical Restraint System (CMRS) - Checkout,,,
08:35-10:35,FE-1,Filling ЕДВ and БВ1 Bladder Compression in ТГК 416,,,
09:05-10:00,CDR,INSP3. Start experiment ops,,,
,,Installation of Low Noise Fans Instead of ВВПрК and Noise Level Measurements.,,,
09:40-11:10,FE-2,,,,
,,Tagup with specialists (as necessary),,,
10:00-11:30,CDR,Physical Exercise (ARED),,,
,,Changeout of СРВК-2М purification column assembly [БКО]. Install No. 110205,,,
10:35-11:05,FE-1,"(000053885R, СМ1РО_1_134_1). Dismantled unit – for disposal on ТКГ 417.",,,
,,Temp stow in ПрК. Reflect changes in IMS,,,
11:05-11:45,FE-1,СОЖ Maintenance,,,
,,TV (ISS-MCC) Scheduled Maintenance of КЛ-103Ц TV Camera with Monitoring via,,,
11:15-11:35,FE-2,,,,
,,ВКУ2 and RGS (configuration setup and activation check via ВКУ2),,,
11:30-12:30,CDR,Physical Exercise (CEVIS),,,
11:35-13:00,FE-2,"Physical Exercise (TVIS), Day 3",,,
11:45-13:00,FE-1,Physical Exercise (ARED),,,
12:30-12:55,CDR,INSP3.  Conclude Experiment Ops,,,
12:55-13:55,CDR,LUNCH,,,
13:00-14:00,FE-1,LUNCH,,,
13:00-13:10,FE-2,LUNCH,,,
13:10-13:15,FE-2,Scheduled Maintenance of КЛ-103Ц TV Camera (Monitoring on ВКУ2),,,
13:15-14:00,FE-2,LUNCH,,,
13:55-14:50,CDR,INSP3. Start experiment ops,,,
14:00-14:40,FE-2,VIZIR. Experiment Ops,,,
GMT,Crew,,,,
,"CDR,FE-5",,,,
06:00-06:10,,Morning Inspection,,,
,FE-6,,,,
,,Morning Inspection.,,,
06:00-06:10,FE-4,,,,
,,Inspect СМ-У connector on МНР-НС behind pan.139 АСУ,,,
,,Morning Inspection.,,,
06:00-06:10,FE-1,,,,
,,SM ПСС (C&W Panel) Test,,,
,,Morning Inspection.,,,
06:00-06:10,FE-2,Reboot Laptop RS2(1),,,
,,"Reboot RSS1, RSS2, БРИ Temperature Check",,,
06:10-06:20,"FE-1,FE-2",Calf volume measurement,,,
06:10-06:30,CDR,Post-sleep,,,
06:10-06:55,FE-6,Post-sleep,,,
06:10-06:20,FE-4,Calf volume measurement,,,
06:10-06:50,FE-5,Post-sleep,,,
06:20-06:30,FE-2,МО-8. Setup,,,
06:20-06:35,FE-1,Post-sleep,,,
06:20-06:45,FE-4,Post-sleep,,,
06:30-07:00,FE-2,Post-sleep,,,
06:30-06:35,CDR,,,,
,,Body mass measurement,,,
06:35-06:40,FE-1,,,,
06:35-07:30,CDR,BREAKFAST,,,
06:40-07:30,FE-1,BREAKFAST,,,
06:45-06:50,FE-4,,,,
,,Body mass measurement,,,
06:50-06:55,FE-5,,,,
06:50-07:30,FE-4,BREAKFAST,,,
06:55-07:30,FE-5,BREAKFAST,,,
06:55-07:00,FE-6,,,,
,,Body mass measurement,,,
07:00-07:05,FE-2,,,,
07:00-07:30,FE-6,BREAKFAST,,,
07:05-07:15,FE-2,МО-8. Closeout ops,,,
07:15-07:30,FE-2,BREAKFAST,,,
07:30-07:50,.,Work prep,,,
07:50-08:10,.,Daily Planning Conference (S-band),,,
08:10-09:20,CDR,MOST- remove and transfer fish to another module,,,
08:10-09:10,FE-5,Physical Exercise T2,,,
,,"Set up to inspect and photograph window panes, windows 2, 13, 14 in SМ (review ODF and",,,
08:15-08:45,FE-2,,,,
,,r/g). Tag-up with specialists (S-band),,,
08:15-08:45,FE-1,Activate RSE-LCS laptop to start data recording,,,
08:20-08:50,FE-6,Makita charger install,,,
08:35-09:35,FE-4,"Transfers from Soyuz 704А, IMS updates",,,
08:45-11:20,FE-2,"Inspect and photograph window panes, windows 2, 13, 14 in SМ",,,
08:50-09:05,FE-6,Power supply unit restoration,,,
08:55-09:05,FE-1,Equipment prep for PAO,,,
09:05-09:15,FE-1,Crew prep for PAO,,,
09:05-09:20,FE-6,Install batteries in laryngoscope,,,
09:10-10:40,FE-5,Physical Exercise ARED,,,
,,"PAO with a group of children from Chervensky district of Minsk region, Republic of Belarus",,,
09:15-09:35,FE-1,,,,
,,(Ku+S-band),,,
09:20-09:40,CDR,MOST- secure samples,,,
09:35-11:35,FE-4,"ODF ops, R&R with pages delivered on Soyuz 704А",,,
09:35-09:40,FE-1,LCS. Monitor completion of data transfer,,,
09:35-10:35,FE-6,Physical Exercise T2,,,
09:40-10:25,CDR,MOST- extract and transfer samples,,,
09:40-10:40,FE-1,SМ ventilation system preventive maintenance. Group А,,,
10:25-10:45,CDR,MOST- secure samples,,,
10:35-10:50,FE-6,Power supply unit restoration,,,
10:40-11:05,FE-5,WRM-COND-PUMP,,,
10:40-12:10,FE-1,Physical Exercise TVIS-1,,,
10:45-10:55,CDR,MOST- placement in MELFI,,,
10:50-11:15,FE-6,Crew time for adaptation and familiarization with ISS,,,
10:55-11:05,CDR,MOST- removal from MELFI,,,
11:05-12:35,FE-5,CIR- transfer and pack containers,,,
11:05-11:40,CDR,MOST- clean off contaminants,,,
11:15-11:30,FE-6,Power supply unit restoration,,,
11:20-12:35,FE-2,Physical Exercise ARED,,,
11:30-12:00,FE-6,Crew time for adaptation and station familiarization,,,
11:35-12:35,FE-4,Crew time for adaptation and station familiarization,,,
11:40-11:50,CDR,MSPR/AQH-  rack deactivation,,,
11:50-12:00,CDR,MOST- placement in MELFI,,,
12:00-12:15,CDR,EHS - start AQM ops,,,
12:00-12:05,FE-6,Power supply unit restoration,,,
12:05-12:25,FE-6,Crew time for adaptation and station familiarization,,,
12:25-12:40,CDR,Inventory and stowage conference,,,
12:30-12:35,FE-6,Power supply unit restoration,,,
12:40-13:05,FE-5,WRS – water sample analysis,,,
13:05-14:05,.,LUNCH,,,
14:05-15:05,.,Review crew emergency roles and responsibilities procedure,,,
15:05-15:25,.,"Safety conference, DAM consultation. Tag-up with specialist(S-band)",,,
15:25-16:05,FE-2,СОЖ Maintenance,,,
,,Photography of the probe scuff mark on the receiving docking mechanism cone АСП МRМ1,,,
15:25-15:45,FE-4,,,,
,,post Soyuz 704А  docking,,,
15:25-16:55,FE-1,SМ ventilation preventive maintenance. Group А,,,
15:25-15:55,FE-5,WRM - Condensate transfer end,,,
15:25-15:30,FE-6,Power supply unit restoration,,,
15:30-15:40,FE-6,Unpack IMAK hardware delivered on Soyuz 704А,,,
15:40-15:55,FE-6,Private Medical Conference,,,
15:45-16:05,FE-4,Downlink imagery/data – docking cone internal surface photos - via РСПИ,,,
15:45-17:15,CDR,Physical Exercise ARED,,,
15:55-16:20,FE-5,TOCA 2 – data recording,,,
15:55-16:00,FE-6,Power supply unit restoration,,,
16:00-16:15,FE-6,Installation of radiation monitors,,,
16:05-16:20,FE-4,Private Medical Conference (Ku+S-band),,,
GMT,Crew,,,,
06:00-06:20,CDR,Urine Sample Collection,,,
06:00-06:10,FE-1,Morning Inspection.  Reboot Laptop RS2(1),,,
06:00-06:10,FE-2,"Morning Inspection Reboot RSS1, RSS2, БРИ Temperature Check",,,
06:00-06:10,FE-4,Morning Inspection.,,,
06:00-06:05,"FE-5,FE-6",Reaction Self-test,,,
06:05-06:15,"FE-5,FE-6",Morning Inspection,,,
06:10-06:40,"FE-1,FE-2, FE-4",Post-sleep,,,
06:15-06:45,"FE-5,FE-6",Post-sleep,,,
06:20-06:25,CDR,HRF – Urine sample placement in MELFI,,,
06:25-06:30,CDR,Reaction Self-test,,,
06:30-06:35,CDR,Review reminders on collecting urine samples,,,
06:35-06:45,CDR,Morning Inspection,,,
06:40-07:30,"FE-1,FE-2",BREAKFAST,,,
06:40-07:30,FE-4,BREAKFAST SM ПСС (C&W Panel) Test (after breakfast),,,
06:45-07:35,"FE-5,FE-6",BREAKFAST,,,
06:45-07:15,CDR,Post-sleep,,,
07:15-08:05,CDR,BREAKFAST,,,
08:30-10:00,FE-4,Physical Exercise  (ARED),,,
09:00-10:15,FE-2,Physical Exercise (TVIS) - Day 2,,,
09:00-10:00,FE-5,Physical Exercise T2,,,
10:00-11:30,FE-5,Physical Exercise  (ARED),,,
10:15-10:30,"FE-1,FE-2",Private Family Conference (Ku+S-band),,,
10:30-11:30,CDR,Physical Exercise (CEVIS),,,
11:30-13:00,FE-1,Physical Exercise (TVIS) - Day 3,,,
11:30-12:00,FE-5,ICV IMAGE materials review,,,
11:30-13:00,CDR,Physical Exercise  (ARED),,,
11:40-11:55,FE-4,Private Family Conference (Ku+S-band),,,
12:00-12:10,FE-5,Materials review prior to ICV ECHO,,,
12:30-13:00,FE-6,Visual  Inspection of Vessel Imaging equipment,,,
13:00-13:20,CDR,Urine Sample Collection,,,
,"FE-1,FE-2,",,,,
13:00-14:00,"FE-4,FE-5,",LUNCH,,,
,FE-6,,,,
13:25-14:25,CDR,LUNCH,,,
13:20-13:25,CDR,Urine sample placement in MELFI,,,
14:00-14:40,FE-1,"СОЖ Maintenance. SM and FGB SVO, Sanitary and Hygienic Equipment (СГО), СПКУ АСУ Counter, POTOK Air Purification System Data call-downs",,,
14:00-14:10,FE-6,Materials review prior to ICV ECHO,,,
GMT,Crew,,,,
06:00-06:10,CDR,Morning inspection,,,
,,Morning inspection,,,
06:00-06:10,FE-1,Laptop RS2(1) Reboot,,,
,,ПСС СМ Test,,,
06:00-06:10,FE-2,"Morning inspection RSS1, RSS2 Reboot, БРИ Temperature Check",,,
06:10-06:40,.,Post-sleep,,,
06:40-06:55,FE-2,Ф1 БМП Absorption Cartridge Regeneration (start),,,
06:40-07:30,"CDR,FE-1",BREAKFAST,,,
06:55-07:45,FE-2,BREAKFAST,,,
07:30-07:45,"CDR,FE-1",Work Prep,,,
07:45-08:00,.,DPC (S-band),,,
08:00-08:20,.,ТК 707 Kazbek fit-check,,,
08:20-09:20,CDR,Physical Exercise CEVIS,,,
08:20-09:40,FE-1,ТКГ 417 unloading with IMS updates,,,
08:20-08:35,FE-2,Work Prep,,,
08:35-09:40,FE-2,Loading Progress 416 with IMS updates,,,
09:20-09:25,CDR,Video equipment set-up to record ARED Physical Exercise,,,
09:25-10:55,CDR,Physical Exercise ARED,,,
09:40-12:40,"FE-1, FE-2 (assist)",Orthostatic stability evaluation in LBNP. Tag-up with Specialist  (S-band),,,
10:55-11:55,CDR,ARED - lubrication,,,
11:55-12:05,CDR,ARED - resistive mechanism adjustment,,,
12:30-12:45,CDR,SSC3 Laptop transfer,,,
12:45-12:50,CDR,HAM Radio Equipment Power-down in SM,,,
12:50-13:00,CDR,"ISSAC Laptop, USB jumpdrive Removal",,,
13:00-14:00,.,LUNCH,,,
14:00-14:15,,,,,
14:00-14:40,FE-1,СОЖ Maintenance,,,
14:00-14:55,FE-2,"Progress 416 loading, IMS update",,,
14:20-14:30,CDR,SSC Laptop config for US crew to arrive on Soyuz 704А,,,
14:30-14:45,CDR,Private Psychological Conference,,,
14:40-15:35,FE-1,"Progress 417 unloading, IMS update",,,
14:45-15:00,CDR,Private Psychological Conference,,,
14:55-15:35,FE-2,VIZIR Experiment ops,,,
15:00-18:00,CDR,PMM – organize cargo in РММ area 1A2,,,
15:35-15:55,FE-1,IMS update,,,
15:35-17:05,FE-2,Physical Exercise TVIS – Day 3,,,
15:55-16:00,FE-1,Photo/TV – check Camcorder settings,,,
16:00-17:10,FE-1,Physical Exercise ARED,,,
GMT,Crew,,,,
,,Morning Inspection.,,,
06:00-06:10,FE-1,,,,
,,SM ПСС (C&W Panel) Test,,,
,,Morning Inspection.,,,
06:00-06:10,FE-2,,,,
,,Reboot Laptop RS2(1),,,
,,Morning Inspection.,,,
06:00-06:10,FE-4,,,,
,,"Reboot RSS1, RSS2, БРИ Temperature Check",,,
,"FE-5,FE-6,",,,,
06:00-06:10,,Morning Inspection.,,,
,CDR,,,,
,"FE-2,FE-6,",,,,
06:10-06:40,,Post-sleep,,,
,"CDR,FE-5",,,,
06:10-06:25,FE-4,Post-sleep,,,
06:10-06:25,FE-1,,,,
,,Urinalysis,,,
06:25-06:40,FE-4,,,,
06:25-06:45,FE-1,Post-sleep,,,
06:40-06:55,FE-2,Urinalysis,,,
,"CDR,FE-6,",,,,
06:40-07:30,,,,,
,"FE-5,FE-4",BREAKFAST,,,
06:45-07:20,FE-1,,,,
06:55-07:05,FE-2,URISIS hardware stow,,,
07:05-07:30,FE-2,BREAKFAST,,,
07:20-07:30,FE-1,Equipment prep for PAO (Ku-band),,,
07:30-07:55,,Daily Planning Conference (S-band),,,
07:55-08:20,FE-5,NES- data transfer to laptop,,,
07:55-08:00,CDR,P/L- video review,,,
,"FE-1.FE-2,",,,,
07:55-08:20,,Work prep,,,
,FE-4,,,,
07:55-08:00,FE-6,Power supply unit restoration,,,
08:00-08:20,"CDR,FE-6",Work prep,,,
,"FE-1,FE-2,",,,,
08:25-08:40,,PAO with RSC-Energia management. New Year Greetings (Ku+S-band),,,
,FE-4,,,,
,"CDR,FE-6,",,,,
08:35-08:45,,CWC audit,,,
,FE-5,,,,
,"FE-1,FE-2,",,,,
08:40-08:50,,Weekly ГОГУ conference (S-band),,,
,FE-4,,,,
08:45-08:55,FE-6,Crew time for adaptation and familiarization with ISS,,,
,FE-2,,,,
08:50-09:10,,On MCC Go ELECTRON-VМ purge after deactivation,,,
,FE-4 handover,,,,
08:50-09:50,FE-5,MSL- hardware inspection,,,
08:50-11:50,FE-1,TIPOLOGIYA. Experiment ops,,,
08:50-09:50,CDR,Physical Exercise (CEVIS),,,
08:55-09:00,FE-6,Power supply unit restoration,,,
09:00-09:25,FE-6,Crew time for adaptation and familiarization with ISS,,,
09:10-09:30,FE-4,Daily BP registration (end),,,
09:20-09:40,FE-2,TIPOLOGIYA. Experiment ops – assist,,,
09:25-09:30,FE-6,Power supply unit restoration,,,
09:30-10:00,FE-4,Crew time for adaptation and familiarization with ISS,,,
09:30-10:00,FE-6,"WRS - CWC-I fill, part 1",,,
09:40-09:50,FE-2,ТIPOLOGIYA. Experiment ops photography,,,
,,Urine transfer from EDV-U to БВ1 tank in Progress 416. Flush БВ1 line in Progress,,,
09:50-11:50,FE-2,,,,
,,416 with disinfectant solution,,,
09:50-11:20,CDR,Physical Exercise (ARED),,,
09:50-09:55,FE-5,SHD-  weekly questionnaire,,,
10:00-11:20,FE-4,EDV fill from  БВ2 tank in Progress 417,,,
10:00-10:05,FE-6,Power supply unit restoration,,,
10:05-10:15,FE-6,Crew time for adaptation and familiarization with ISS,,,
10:05-10:30,FE-5,PODCAST-  video recording,,,
10:15-10:30,FE-6,"WRS - CWC-I fill, part 2",,,
10:30-10:35,FE-6,Power supply unit restoration,,,
10:30-11:30,FE-5,Physical Exercise  (T2),,,
10:45-11:05,FE-6,MELFI-3-  urine sample audit,,,
11:05-11:10,FE-6,Power supply unit restoration,,,
11:10-11:25,FE-6,"WRS - CWC-I fill, part 3",,,
11:20-12:00,FE-4,Switch СОА VOZDUKH to mode 1,,,
11:20-11:30,CDR,MSG- visual inspection,,,
11:30-11:55,CDR,HRF- urine sample collection,,,
11:30-13:00,FE-5,Physical Exercise  (ARED),,,
11:35-11:40,FE-6,Power supply unit restoration,,,
11:40-12:40,FE-6,Physical Exercise T2,,,
11:50-12:20,FE-1,Harmful contaminants check using CMS in SМ,,,
11:50-13:05,FE-2,Physical Exercise  (TVIS) -  Day 4,,,
11:55-12:00,CDR,SHD – weekly questionnaire,,,
12:00-12:05,CDR,P/L-  closeout ops,,,
12:00-13:00,FE-4,Physical Exercise (VELO) – Day  4,,,
12:05-13:00,CDR,INSP3-  prep and setup,,,
,,Air duct FGB-МRM1-Soyuz inspection and photography. Inspect and photograph,,,
12:20-12:50,FE-1,"soft sections of the air duct, straighten them if needed.  Downlink photos via",,,
,,ОСА.,,,
12:40-12:55,FE-6,INSP3-  photography of equipment,,,
12:50-13:00,FE-1,БАОК ГАНК-4М  data check,,,
12:55-13:55,FE-6,,,,
,"FE-1,FE-4,",,,,
13:00-14:00,,LUNCH,,,
,"CDR,FE-5",,,,
13:05-14:05,FE-2,,,,
13:55-14:00,FE-6,Power supply unit restoration,,,
14:00-14:25,FE-6,,,,
,,Handover,,,
14:00-15:00,"CDR,FE-5",,,,
,"FE-4,FE-1",,,,
14:05-15:35,FE-2,"Transfers from Soyuz 417, IMS update",,,
14:25-14:30,FE-6,Power supply unit restoration,,,
14:30-15:00,FE-6,Handover,,,
,"FE-6,FE-5,",,,,
15:00-15:45,,CHeCS equipment OBT,,,
,FE-4,,,,
15:00-15:40,FE-1,СОЖ  Maintenance,,,
15:00-15:25,CDR,INSP3-  cleanup ops,,,
15:25-16:20,CDR,INSP3-  equipment prep,,,
15:35-15:55,FE-2,IMS ops,,,
15:40-17:10,FE-1,Physical Exercise (TVIS) - Day 1,,,
15:45-17:15,FE-6,Physical Exercise  (ARED),,,
15:45-15:50,FE-5,P/L- video review,,,
15:45-16:15,FE-4,,,,
,,Crew time for adaptation and familiarization with ISS,,,
16:05-17:05,FE-5,,,,
16:20-17:35,CDR,HRM install on Т2,,,
16:20-16:35,FE-2,GREAT BEGINNING. Report prep.  Tagup with specialist. (S-band),,,
16:35-17:05,"FE-4,FE-2",GREAT BEGINNING. Reporting.  Tagup with specialist. (S-band),,,
17:05-18:35,FE-4,Physical Exercise  (TVIS) - Day 4,,,
17:05-17:20,FE-2,GREAT BEGINNING. Closeout ops. Tagup with specialist. (S-band),,,
17:05-17:20,FE-5,Neurospat -  final stow,,,
17:10-18:10,FE-1,Physical Exercise  (VELO) - Day 1,,,
17:15-17:20,FE-6,SHD-  weekly questionnaire,,,
17:20-18:35,FE-2,Physical Exercise  (ARED),,,
17:20-18:35,FE-6,CTB-  audit and stow,,,
17:20-18:35,FE-5,Visual inspection of PBA and PFE,,,
17:35-18:00,CDR,Audiogram recording using EARQ SW,,,
18:00-18:25,CDR,INSP3-  closeout ops,,,
18:10-18:25,FE-1,ИП-1 sensor placement check,,,
18:25-18:35,FE-1,Evening Work Prep,,,
18:25-18:35,CDR,MSG – power off,,,
18:35-19:00,,Daily Planning Conference  (S-band),,,
,"FE-1,FE-6,",,,,
19:00-19:10,"FE-2,CDR,",Evening Work Prep,,,
,FE-4,,,,
19:00-19:05,FE-5,P/L- closeout ops,,,
19:05-19:10,FE-5,Evening Work Prep,,,
,"FE-1,FE-2,",,,,
19:10-20:00,"FE-4,FE-5,",Pre-sleep,,,
,FE-6,,,,
19:10-19:15,CDR,P/TV Playback start,,,
19:15-20:00,CDR,Pre-sleep,,,
20:00-20:20,,ISS Crew/ Flight Director Conference (S-band),,,
20:20-21:30,"FE-1,FE-2,",Pre-sleep,,,
TIME,CREW,,,,
06:00-06:10,CDR,Morning Inspection,,,
,,Morning Inspection.,,,
06:00-06:10,FE-1,Reboot Laptop RS2(1),,,
,,"RSS1, RSS2 Reboot.  БРИ Temperature Check / r/g 1009",,,
06:00-06:10,FE-2,Morning Inspection.  SM ПСС (Caution & Warning Panel) Test,,,
06:10-06:40,,Post-sleep,,,
06:40-07:30,,BREAKFAST,,,
07:30-07:45,,Daily Planning Conference (S-band),,,
07:45-08:00,,ISS Crew and ГОГУ (RSA Flight Control Team Management) Weekly Conference (S-band),,,
08:00-08:15,"FE-1, FE-2",IMS Tagup (S-band),,,
08:00-08:10,CDR,Combustion Integrated Rack (CIR) Alignment Guide Removal,,,
08:10-08:30,CDR,MOST - Water Sampling,,,
08:15-08:25,"FE-1, FE-2",Work Prep,,,
08:30-09:05,CDR,MOST - Water Quality Measurement,,,
08:30-09:20,FE-2,24-hour ECG Recording (start),,,
08:35-10:00,FE-1,RS Hardware and Tool Audit,,,
09:15-10:15,CDR,Physical Exercise T 2,,,
09:20-10:40,FE-2,ТКГ 416 Transfers and IMS Ops,,,
10:00-10:40,FE-1,СОЖ Maintenance,,,
10:15-11:45,CDR,Physical Exercise (ARED),,,
10:40-11:55,FE-2,"Physical Exercise (TVIS), Day 2",,,
10:55-11:55,FE-1,"Physical Exercise (VELO), Day 3",,,
11:45-11:55,CDR,Glove Box (MSG) Activation,,,
11:55-12:55,"FE-1, FE-2",LUNCH,,,
12:00-12:15,CDR,UBNT. Summary Data Transmission,,,
12:25-13:20,CDR,INSP3 - Preparation Steps and Hardware Activation,,,
12:55-14:15,"FE-1, FE-2",Life On The Station Photo and Video,,,
13:20-14:20,CDR,LUNCH,,,
14:15-14:55,"FE-1, FE-2",IDENTIFIKATSTIYA. Copy ИМУ-Ц micro-accelerometer data to laptop,,,
14:20-14:40,CDR,HMS Visual Testing Activity,,,
14:40-15:10,CDR,Psychological Evaluation Program (WinSCAT),,,
15:00-15:40,"FE-1, FE-2 assists",Mpeg2 Multicast TV Test Using MPEG2 VIDEO SERVER2 Application on CP SSC2. Tagup with specialists (S-band),,,
15:10-15:35,CDR,INSP3. Conclude Experiment Ops,,,
15:35-15:45,CDR,Glove Box (MSG) Powerdown,,,
15:40-16:05,FE-2,Collecting SM and FGB Air Samples Using АК-1М Sampler,,,
15:40-17:10,FE-1,ТКГ 417 Transfers and IMS Ops,,,
TIME,CREW,,,,
06:00-06:05,CDR,Reaction time self-test,,,
06:00-06:10,FE-1,Morning inspection Reboot Laptop RS2(1),,,
06:00-06:10,FE-2,"Morning inspection Reload Laptops RSS1, RSS2",,,
06:05-06:10,CDR,Morning inspection,,,
06:10-06:40,.,POST-SLEEP,,,
06:40-07:30,FE-1,BREAKFAST SM [ПСС] Caution & Warning Panel Test after breakfast,,,
06:40-07:30,"CDR,FE-2",BREAKFAST,,,
10:00-10:15,FE-1,"Private family conference (Ku+S-band) (в S/G2, S/G1-рез)",,,
10:15-11:15,CDR,Physical Exercise (CEVIS),,,
10:45-11:45,FE-2,Physical Exercise (VELO-1),,,
11:15-12:45,CDR,Physical Exercise (ARED),,,
11:45-13:00,FE-1,Physical Exercise (TVIS-2),,,
13:00-13:10,FE-1,REZERV. Comm check of SM [УКВ1] using Ground Site 33,,,
13:10-14:10,,LUNCH,,,
14:10-14:50,FE-2,"[СОЖ] maintenance. Data downlink: [СВО], [СГО], [АСУ СПКУ] counter, and Potok [УОВ] readouts in SM and FGB",,,
14:35-14:45,FE-1,REZERV. Comm check of SM [УКВ2] using Ground Site 33,,,
17:15-18:45,FE-2,Physical Exercise (TVIS-1),,,
17:30-18:45,FE-1,Physical Exercise (ARED),,,
17:55-18:10,CDR,Private family conference,,,
18:45-19:00,.,Daily planning conference (S-band),,,
19:00-19:30,CDR,Evening Work Prep,,,
19:00-19:30,"FE-1,FE-2",Evening Work Prep,,,
19:30-21:25,CDR,Pre-sleep ops,,,
19:30-21:30,"FE-1,FE-2",Pre-sleep ops,,,
21:25-21:30,CDR,Reaction time self-test,,,
21:30-06:00,.,Sleep,,,
,,[СКК]: cassette photography,,,
,,Prep for Roskosmos website report,,,
Task List,"FE-1,FE-2",SEINER. Study of ocean surface waters,,,
,,ECON-M. Visual observations and photography,,,
,,URAGAN. Visual observations and photography,,,
TIME,CREW,,,,
06:00-06:05,CDR,Reaction Self Test,,,
06:00-06:10,FE-2,"Morning Inspection. RSS1, RSS2 Reboot",,,
,,Morning Inspection.,,,
06:00-06:10,FE-1,Visual Inspection of Circuit Breakers [АЗС] on DC Power Switch Panel,,,
,,"(БВП) and Fuses on Fuse Boxes 30, 36 Reboot Laptop RS2(1)",,,
06:05-06:10,CDR,Morning Inspection,,,
06:10-06:40,,Post-sleep,,,
06:40-07:30,"FE-2, CDR",BREAKFAST,,,
06:40-07:30,FE-1,BREAKFAST.  SM ПСС (Caution & Warning Pane)] Test (after breakfast),,,
07:30-10:30,FE-1,Weekly Housekeeping,,,
,,"SM Ventilation Subsystem Preventive Maintenance, Group E",,,
07:30-10:10,FE-2,FGB ЦВ2 Fan Cleaning,,,
,,Inspection of Air Conditioner,,,
07:30-10:30,CDR,Weekly Housekeeping,,,
10:30-11:30,FE-2,"Physical Exercise (VELO), Day 1",,,
10:30-10:35,CDR,CGBA Status Check,,,
10:40-11:40,CDR,Physical Exercise (TVIS),,,
11:30-11:45,FE-2,"Private Family Conference (S + Ku-band, S/G2, S/G1- backup)",,,
11:40-12:55,FE-1,"Physical Exercise (TVIS), Day 2",,,
11:40-13:10,CDR,Physical Exercise (ARED),,,
12:30-12:50,FE-2,Weekly Housekeeping  Cleaning SM and FGB Potok-150MK Air Purification System Pre-filters,,,
13:10-13:40,,Weekly Planning Conference (S-band),,,
13:40-14:40,,LUNCH,,,
14:40-14:50,CDR,Food Frequency Questionnaire,,,
14:50-15:05,CDR,Journal Entry (CDR),,,
14:50-15:05,FE-1,Private Psychological Conference (VHF),,,
15:05-15:45,FE-1,СОЖ Maintenance,,,
16:25-16:40,FE-2,Private Psychological Conference (VHF),,,
16:40-18:10,FE-2,"Physical Exercise (TVIS), Day 1",,,
17:30-18:45,FE-1,Physical Exercise (ARED),,,
19:30-21:25,CDR,Pre-sleep,,,
19:30-21:30,"FE-1, FE-2",Pre-sleep,,,
21:25-21:30,CDR,Reaction Self Test,,,
21:30-06:00,,SLEEP,,,
,,ECON-M. Observations and photography,,,
Task List,"FE-1, FE-2",SEINER Ocean Observations,,,
,,URAGAN Observations and Photography,,,
TIME,CREW,,,,
06:00-06:05,CDR,Reaction Self Test,,,
06:00-06:10,FE-2,"Morning Inspection. RSS1, RSS2 Reboot",,,
,,Morning Inspection.,,,
06:00-06:10,FE-1,Visual Inspection of Circuit Breakers [АЗС] on DC Power Switch Panel,,,
,,"(БВП) and Fuses on Fuse Boxes 30, 36 Reboot Laptop RS2(1)",,,
06:05-06:10,CDR,Morning Inspection,,,
06:10-06:40,,Post-sleep,,,
06:40-07:30,"FE-2, CDR",BREAKFAST,,,
06:40-07:30,FE-1,BREAKFAST.  SM ПСС (Caution & Warning Pane)] Test (after breakfast),,,
07:30-10:30,FE-1,Weekly Housekeeping,,,
,,"SM Ventilation Subsystem Preventive Maintenance, Group E",,,
07:30-10:10,FE-2,FGB ЦВ2 Fan Cleaning,,,
,,Inspection of Air Conditioner,,,
07:30-10:30,CDR,Weekly Housekeeping,,,
10:30-11:30,FE-2,"Physical Exercise (VELO), Day 1",,,
10:30-10:35,CDR,CGBA Status Check,,,
10:40-11:40,CDR,Physical Exercise (TVIS),,,
11:30-11:45,FE-2,"Private Family Conference (S + Ku-band, S/G2, S/G1- backup)",,,
11:40-12:55,FE-1,"Physical Exercise (TVIS), Day 2",,,
11:40-13:10,CDR,Physical Exercise (ARED),,,
12:30-12:50,FE-2,Weekly Housekeeping  Cleaning SM and FGB Potok-150MK Air Purification System Pre-filters,,,
13:10-13:40,,Weekly Planning Conference (S-band),,,
13:40-14:40,,LUNCH,,,
14:40-14:50,CDR,Food Frequency Questionnaire,,,
14:50-15:05,CDR,Journal Entry (CDR),,,
14:50-15:05,FE-1,Private Psychological Conference (VHF),,,
15:05-15:45,FE-1,СОЖ Maintenance,,,
16:25-16:40,FE-2,Private Psychological Conference (VHF),,,
16:40-18:10,FE-2,"Physical Exercise (TVIS), Day 1",,,
17:30-18:45,FE-1,Physical Exercise (ARED),,,
19:30-21:25,CDR,Pre-sleep,,,
19:30-21:30,"FE-1, FE-2",Pre-sleep,,,
21:25-21:30,CDR,Reaction Self Test,,,
21:30-06:00,,SLEEP,,,
,,ECON-M. Observations and photography,,,
Task List,"FE-1, FE-2",SEINER Ocean Observations,,,
,,URAGAN Observations and Photography,,,
TIME,CREW,,,,
06:00-06:05,CDR,Reaction Self Test,,,
06:00-06:10,FE-1,Morning Inspection.  SM ПСС (Caution & Warning Panel) Test,,,
06:00-06:10,FE-2,"Morning Inspection. Reboot Laptop RS2(1) RSS1, RSS2 Reload. БРИTemperature Check",,,
06:05-06:10,CDR,Morning Inspection,,,
06:10-06:40,,Post-sleep.,,,
06:40-07:30,,BREAKFAST,,,
07:30-07:50,,Work Prep,,,
07:50-08:05,,Daily Planning Conference (S-band),,,
08:05-11:05,FE-1,,,,
,,RS Hardware and Tool Audit,,,
08:05-09:55,FE-2,,,,
08:40-08:50,CDR,USOS Window Shutter Close,,,
08:50-09:50,CDR,Physical Exercise (CEVIS),,,
09:50-11:20,CDR,Physical Exercise (ARED),,,
10:40-11:40,FE-2,"Physical Exercise (VELO), Day 1",,,
11:20-11:50,CDR,Bacteria Filter Cleaning,,,
11:35-11:45,FE-1,ALBEDO.  Battery Charge (start),,,
11:40-12:20,FE-2,"Filling (separation) EDV (KOV) No. 823 for Elektron System from CWC No. 1092,1093",,,
11:45-13:00,FE-1,Physical Exercise (ARED),,,
11:50-12:50,CDR,WHC Fill,,,
12:20-13:00,FE-2,СОЖ Maintenance,,,
12:50-13:50,CDR,LUNCH,,,
13:00-14:00,"FE-1, FE-2",LUNCH,,,
13:50-14:25,CDR,EHS MCD Onboard Water Processing,,,
14:00-16:30,"FE-2, FE-1",BAR Experiment Ops Tagup with specialists (S-band),,,
14:25-14:35,CDR,PAO Hardware Setup,,,
14:35-14:45,CDR,Crew Prep for PAO,,,
14:45-15:05,CDR,PAO Event,,,
15:05-15:15,CDR,CIR - Camcorder Setup,,,
15:15-15:25,CDR,CIR Rack Doors Open,,,
15:25-15:40,CDR,CIR Data Adapter Front End Cap Open,,,
15:40-17:40,CDR,MDCA Hardware Replacement,,,
16:30-17:45,FE-1,"Physical Exercise (TVIS), Day 2",,,
16:40-17:10,FE-2,SEINER Ocean Observations / r/g,,,
17:10-17:30,FE-2,IMS Update,,,
17:30-18:45,FE-2,"Physical Exercise (TVIS), Day 1",,,
GMT,,,,,
06:00-06:05,CDR,,Reaction Self-test,,
,,,Morning Inspection.,,
06:00-06:10,FE-1,,,,
,,,SM ПСС (C&W Panel) Test,,
06:00-06:05,FE-6,,Reaction Self-test,,
06:00-06:15,FE-4,,CHROMATOMASS. Experiment prep,,
,,,Morning Inspection.,,
06:00-06:10,FE-2,,Reboot Laptop RS2(1),,
,,,"Reboot RSS1, RSS2, БРИ Temperature Check",,
06:00-06:05,FE-5,,Reaction Self-test,,
06:05-06:10,"CDR,FE-5,FE-6",,Morning Inspection,,
,"CDR,FE-1,FE-2,",,,,
06:10-06:40,,,Post-sleep,,
,"FE-5,FE-6",,,,
06:15-06:45,FE-4,,CHROMATOMASS. Blood draw and saliva sample collection,,
,"CDR,FE-1,FE-2,",,,,
06:40-07:10,,,BREAKFAST,,
,"FE-5,FE-6",,,,
06:45-07:10,FE-4,,Post-sleep,,
07:10-07:35,.,,Daily Planning Conference (S-band),,
,"CDR,FE-1,FE-2,",,,,
07:35-07:55,,,BREAKFAST,,
,"FE-5,FE-6",,,,
07:35-08:10,FE-4,,BREAKFAST,,
,"CDR,FE-1,FE-2,",,,,
07:55-08:10,,,Work prep,,
,"FE-5,FE-6",,,,
08:10-09:05,CDR,,GHF- prep for SW installation,,
08:10-08:50,FE-5,,PODCAST-  greeting recording,,
08:10-08:40,FE-6,,Light fixture R&R,,
08:10-08:20,FE-2,,Private Conference with PE specialist (S-band),,
08:10-08:25,FE-4,,CHROMATOMASS. Closeout ops,,
08:20-08:30,FE-1,,Private Conference with PE specialist (S-band),,
08:20-11:20,FE-2,,TIPOLOGIYA. Experiment ops,,
08:25-08:50,FE-4,,BREAKFAST,,
08:30-08:40,FE-1,,ALBEDO. Battery charge (start),,
08:40-08:55,FE-6,,Light fixture R&R,,
08:50-09:00,FE-4,,Private Conference with PE specialist (S-band),,
08:50-09:10,FE-1,,TIPOLOGIYA. Experiment ops – assist,,
08:50-10:20,FE-5,,Physical Exercise  (ARED),,
08:55-09:00,FE-6,,Power supply unit restoration,,
09:00-09:35,FE-6,,ISS-HAM RADIO – switching,,
09:00-09:20,FE-4,,Work prep,,
09:10-09:20,FE-1,,ТIPOLOGIYA. Experiment ops photography,,
09:20-10:40,FE-1,,"Physical Exercise  (TVIS), Day 3",,
09:20-10:20,FE-4,,Crew time for adaptation and familiarization with ISS,,
09:35-09:50,FE-6,Lego – work site prep,,,
09:45-10:45,CDR,Physical Exercise  (CEVIS),,,
09:50-10:20,FE-6,Lego – work site isolation system prep,,,
10:20-11:20,FE-5,Physical Exercise (T2),,,
10:20-11:40,FE-4,Physical Exercise  (ARED),,,
10:20-10:30,FE-6,P/L- video review,,,
10:30-10:35,FE-6,Power supply unit restoration,,,
,,ALBEDO. Battery charge end. ФСС equipment test. Tagup with,,,
10:40-11:40,FE-1,,,,
,,"specialists (VHF,S-band)",,,
10:45-10:55,CDR,GHF- SW installation,,,
10:55-11:00,FE-6,Power supply unit restoration,,,
10:55-11:40,CDR,LEGO - procedure review and prep for setup,,,
11:20-11:25,FE-6,Power supply unit restoration,,,
,,Transfers of hardware stowed in Rack Front and re-stow in another,,,
11:20-11:50,FE-5,,,,
,,location,,,
11:25-11:50,FE-6,Crew time for adaptation and familiarization with ISS,,,
11:30-12:30,FE-2,Physical Exercise  (VELO) – Day  2,,,
11:40-11:50,CDR,P/L – closeout ops,,,
,FE-1,,,,
11:40-12:20,,EDV (КОВ) fill (separation) for ELECTRON,,,
,FE-4 (handover),,,,
11:50-12:45,FE-5,Crew time for adaptation and familiarization with ISS,,,
11:50-11:55,FE-6,Power supply unit restoration,,,
11:55-12:45,CDR,RVF – equipment prep and install,,,
11:55-12:55,FE-6,Physical Exercise (T2),,,
12:20-12:50,FE-1,СОЖ Maintenance,,,
12:30-12:50,"FE-2,FE-4",MATRESHKA-R. LULIN-5 data check,,,
12:45-12:55,FE-5,P/L– closeout ops,,,
12:45-12:55,CDR,GHF- checks prior to SW installation,,,
12:50-13:50,"FE-1,FE-2,FE-4",LUNCH,,,
12:55-13:55,"CDR,FE-5,FE-6",LUNCH,,,
13:50-14:20,FE-2,SEYENER. Ocean research,,,
13:50-15:45,FE-4,R&R of Е-К container with hose and СОТ in АСУ system,,,
13:55-14:05,"CDR,FE-5,FE-6",Crew prep for PAO,,,
14:05-14:15,"CDR,FE-5,FE-6",Equipment prep for PAO,,,
,,"Audit of hardware connected to UOPs on RS, ППС-26, ППС-31. Tagup",,,
14:10-17:10,FE-1,,,,
,,"with specialist (VHF,S-band)",,,
14:15-14:35,"CDR,FE-5,FE-6",PAO,,,
14:20-15:20,FE-2,"Transfers to Progress 416, IMS update",,,
14:35-14:45,CDR,GHF- SW installation,,,
14:35-14:40,FE-6,Power supply unit restoration,,,
14:40-15:00,FE-6,MELFI – video review,,,
,CDR,,,,
14:45-15:45,,ARED pulley alignment,,,
,FE-5 handover,,,,
15:05-15:10,FE-6,Power supply unit restoration,,,
15:10-15:45,FE-6,RVF – setup,,,
15:20-16:00,FE-2,IDENTIFIKATSIYA. ИМУ-Ц measurements data transfer to laptop,,,
15:45-17:15,CDR,Physical Exercise  (ARED),,,
15:45-15:55,FE-5,Food questionnaire,,,
15:45-16:45,FE-4,"Physical Exercise  (TVIS), Day 2",,,
15:45-16:00,FE-6,Private Medical Conference,,,
16:00-16:05,FE-6,Power supply unit restoration,,,
,,Search for equipment to replace elastic belts on MRM1 interior panels.,,,
16:00-16:40,FE-2,,,,
,,Tagup with specialist if needed (S-band),,,
16:05-16:20,FE-6,JRNL- journal entry,,,
16:05-16:20,FE-5,Private Medical Conference,,,
16:20-16:30,FE-6,Food questionnaire,,,
16:30-16:35,FE-6,Power supply unit restoration,,,
16:30-16:50,FE-5,WHC – EDV prep,,,
16:35-17:15,FE-6,Crew time for adaptation and familiarization with ISS,,,
16:45-17:05,FE-4,IMS ops,,,
16:45-18:15,FE-2,"Physical Exercise  (TVIS), Day 2",,,
16:50-17:40,FE-5,RVF- equipment prep and setup,,,
17:10-18:10,FE-1,Physical Exercise  (VELO) – Day  3,,,
17:15-17:25,CDR,GHF- closeout ops,,,
17:15-18:45,FE-6,Physical Exercise  (ARED),,,
17:30-17:45,CDR,Private Medical Conference,,,
17:40-18:25,FE-5,NES- setup,,,
17:45-18:00,CDR,JRNL- journal entry,,,
17:45-18:15,FE-4,VZAIMODEISTVIYE. Experiment ops FE-4,,,
18:00-18:25,CDR,Evening work prep,,,
18:15-18:45,FE-1,VZAIMODEISTVIYE. Experiment ops,,,
18:15-18:20,FE-2,HEMATOKRIT Equipment prep,,,
18:15-18:45,FE-4,Evening work prep,,,
18:20-18:45,FE-2,Evening work prep,,,
18:25-18:45,CDR,GHF- closeout ops,,,
18:25-18:45,FE-5,Evening work prep,,,
18:45-19:10,.,Daily Planning Conference (S-band),,,
19:10-19:30,.,Evening work prep,,,
19:30-19:35,CDR,P/TV Playback start,,,
19:30-21:30,"FE-1,FE-2,FE-4",Pre-sleep,,,
19:30-21:25,"FE-5,FE-6",Pre-sleep,,,
19:35-20:00,CDR,Pre-sleep,,,
20:00-20:15,CDR,Private Family Conference,,,
20:15-21:20,CDR,Pre-sleep,,,
21:20-21:25,CDR,Reaction Self-test,,,
GMT,Crew,,,,
06:00-06:10,CDR,Morning Inspection,,,
,,Morning Inspection,,,
06:00-06:10,FE-1,Reboot Laptop RS2(1),,,
,,SM ПСС (Caution & Warning Panel) Test,,,
06:00-06:10,FE-2,"Morning Inspection RSS1, RSS2 Reboot. БРИ Temperature Check",,,
06:10-06:40,.,Post-sleep,,,
06:40-07:30,.,BREAKFAST,,,
07:30-07:45,"CDR,FE-1",Work Prep,,,
07:30-07:45,FE-2,Ф2 БМП cartridge regen (start)),,,
07:45-08:00,.,Daily Planning Conference (S-band). Footnote 5,,,
08:00-08:20,FE-2,"Scheduled maintenance of SM Rodnik tank valves (КВ, КН и КД)",,,
08:00-08:10,CDR,CIR rack guides install,,,
08:00-08:50,FE-1,БВН fan grille in Soyuz 704А - photographing and cleaning. БВН grille cleaning in Soyuz 707,,,
08:10-08:50,CDR,Bacterial charcoal filter in LAB - R&R,,,
,,АСУ ops: [МП] Urine Receptacle and [Ф-В] Insert Filter replacement. Install,,,
08:20-08:50,FE-2,"МП No0220311 (00055006R, СМ1РО_1_138_1) and Ф-В No1201225 (00057505R, СМ1РО_1_138_1, cover (00044339R). Removed items – for",,,
,,disposal. Update IMS,,,
,FE-2,,,,
08:50-11:50,FE-1,LBNP: orthostatic stability eval. Tagup with specialists (S-band),,,
,assist,,,,
08:50-09:50,CDR,Bacterial charcoal filter in LAB - R&R,,,
09:50-10:00,CDR,MOST -  removal from MELFI,,,
10:00-10:20,CDR,MOST – familiarization with fish selection,,,
10:20-11:25,CDR,MOST - Aquarium 2 fishing,,,
11:25-11:45,CDR,MOST – fish sample processing,,,
11:45-12:20,CDR,MOST - Aquarium 2 fishing,,,
11:50-12:00,FE-1,SLS. RSE-LCS laptop activation to start data recording / rg 1065,,,
11:50-12:20,FE-2,EDV (КОВ) fill (separation) for Electron,,,
12:00-12:45,FE-1,SМ ventilation preventive maintenance. Group С. Air ducts in crew quarters,,,
12:20-12:40,CDR,MOST - Aquarium 1 fishing,,,
12:20-12:45,FE-2,СОЖ Maintenance,,,
12:40-13:00,CDR,MOST – fish sample processing,,,
12:45-13:00,"FE-1,FE-2",Audit conference via telephone (S-band),,,
13:00-13:10,CDR,MOST- placement in MELFI,,,
13:10-14:10,CDR,LUNCH,,,
13:00-14:00,"FE-1,FE-2",LUNCH,,,
14:00-14:15,FE-2,ИП-1 sensor placement check,,,
14:00-15:10,FE-1,"SМ ventilation preventive maintenance. Group С. RS Fan grilles ВВ1, ВВ2",,,
,,,,,
,,GMT,,Crew,Activity
,,,,,
,,,,,
,,,,,
,,,,,
,,06:00-06:10,,,
,,,,,Reboot Laptop RS2(1)
,,,,,
,,,,,
,,,,,
,,,,,
,,,,,
,,06:00-06:10,,,
,,,,"FE-5,FE-6",
,,,,,
,,,,,
,,,,,
,,06:10-06:40,,,
,,,,,
,,,,,
,,06:20-06:30,,CDR,HRF- urine sample placement in MELFI
,,,,,
,,06:30-06:50,,CDR,Post-sleep
,,,,,
,,06:40-07:30,,FE-4,BREAKFAST. SM ПСС (C&W Panel) Test  (after breakfast)
,,,,,
,,,,,
,,06:40-07:30,,,
,,,,"FE-5,FE-6",
,,,,,
,,,,,
,,06:50-07:30,,CDR,BREAKFAST
,,,,,
,,07:30-09:00,,FE-1,Weekly housekeepingSM fans (group E) preventive maintenance
,,,,,
,,07:30-09:05,,FE-2,
,,,,,FGB fan ЦВ2 cleaning
,,,,,
,,,,,
,,,,,СКВ inspection
,,,,,ВКС laptop inspection and cleaning
,,,,,
,,07:30-10:30,,FE-5,Weekly housekeeping
,,,,,
,,07:30-10:25,,CDR,Weekly housekeeping
,,,,,
,,07:30-07:40,,FE-6,CRHYT-  teardown
,,,,,
,,07:40-10:40,,FE-6,Weekly housekeeping
,,,,,
,,09:00-09:15,,FE-1,Private Physiological Conference (VHF)
,,,,,
,,09:05-09:15,,FE-2,Equipment prep for PAO
,,,,,
,,,,,
,,09:15-09:25,,,
,,,,FE-4,
,,,,,
,,,,,
,,,,,
,,09:25-09:45,,,
,,,,FE-4,
,,,,,
,,,,,
,,,,,
,,,,,
,,09:45-10:00,,FE-2,Private Family Conference (Ku+S-band)
,,,,,
,,09:45-11:15,,FE-4,Physical Exercise TVIS – Day 1
,,,,,
,,10:25-11:55,,CDR,Physical Exercise ARED
,,,,,
,,10:30-10:35,,FE-5,CGBA status check and maintenance
,,,,,
,,,,,
,,11:15-11:35,,,
,,,,FE-4,
,,,,,
,,,,,
,,11:55-12:55,,CDR,Physical Exercise T2
,,,,,
,,11:55-13:10,,FE-1,Physical Exercise ARED
,,,,,
,,12:05-12:20,,FE-4,Private Physiological Conference (VHF)
,,,,,
,,,,,
,,12:10-13:10,,FE-2,Physical Exercise VELO – Day 1
,,,,,
,,13:10-13:40,,.,Weekly Planning Conference (S-band)
,,,,,
,,13:40-14:40,,.,LUNCH
,,,,,
,,,,,
,,,,,
,,14:40-16:05,,FE-2,
,,,,,Weekly housekeeping
,,,,,
,,,,,
,,,,,УОВ POTOK-150 МК inlet filter cleaning
,,,,,
,,,,,
,,14:40-14:50,,CDR,Food questionnaire
,,,,,
,,14:55-15:15,,CDR,Urine sample collection
,,,,,
,,15:15-15:20,,CDR,HRF- urine sample placement in MELFI
,,,,,
,,15:20-15:35,,CDR,JRNL-  journal entry
,,,,,
,,15:30-16:30,,FE-5,Physical Exercise CEVIS
,,,,,
,,16:00-17:30,,CDR,LEGOBRICK – experiment ops with Lego
,,,,,
,,16:15-17:15,,FE-4,Physical Exercise VELO – Day 1
,,,,,
,,16:30-18:00,,FE-5,Physical Exercise ARED
,,,,,
,,17:00-18:30,,FE-2,Physical Exercise TVIS - Day 1
,,,,,
,,17:00-18:00,,FE-6,Physical Exercise CEVIS
,,,,,
,,,,,
,,,,,
,,18:00-19:30,,FE-6,Physical Exercise ARED
,,,,,
,,19:05-19:25,,CDR,Urine sample collection
,,,,,
,,19:25-19:30,,CDR,Urine sample placement in MELFI
,,,,,
,,,,,
,,19:30-21:30,,,
,,,,,
,,,,,
,,19:30-21:25,,FE-6,Pre-sleep
,,,,,
,,21:25-21:30,,FE-6,REMINDER-ICV ECHO-1
,,,,,
,,21:30-06:00,,.,SLEEP
,,,,,
,,,,,
,,,,,
,,"FE-1,FE-2",,,
,,,,,
,,,,,
,,,,,
,,,,,
,,,,,
